YOB,NKID,DEP,PHON,SINC,AES,DAINC,RES,DHVAL,DMORT,DOUTM,DOUTL,DOUTHP,DOUTCC,BAD
19.0,4.0,0.0,1,0.0,R,0.0,O,14464.0,4.0,0.0,0.0,0.0,0.0,0.0
41.0,2.0,0.0,1,0.0,P,36000.0,O,0.0,0.0,280.0,664.0,0.0,80.0,0.0
66.0,0.0,0.0,1,0.0,N,30000.0,N,0.0,0.0,0.0,0.0,0.0,0.0,0.0
51.0,2.0,0.0,1,0.0,P,464.0,O,24928.0,8464.0,584.0,320.0,0.0,60.0,0.0
65.0,0.0,0.0,1,0.0,P,15000.0,P,0.0,0.0,0.0,0.0,0.0,0.0,0.0
42.0,2.0,0.0,1,10500.0,E,48000.0,O,43392.0,46464.0,1120.0,0.0,0.0,0.0,0.0
59.0,0.0,0.0,1,6500.0,B,30000.0,O,62464.0,56000.0,520.0,0.0,96.0,0.0,0.0
43.0,1.0,0.0,1,13500.0,E,9000.0,O,63392.0,54464.0,0.0,200.0,0.0,0.0,0.0
52.0,0.0,0.0,1,0.0,E,22500.0,P,0.0,0.0,0.0,200.0,0.0,80.0,0.0
65.0,0.0,0.0,1,0.0,P,19500.0,O,26464.0,4464.0,540.0,0.0,0.0,0.0,0.0
48.0,2.0,0.0,1,0.0,E,30000.0,O,38464.0,23664.0,600.0,0.0,524.0,0.0,0.0
55.0,0.0,0.0,1,8000.0,V,21000.0,O,14464.0,64000.0,376.0,0.0,0.0,0.0,0.0
44.0,0.0,0.0,1,0.0,P,24000.0,O,54464.0,0.0,384.0,0.0,0.0,0.0,0.0
53.0,1.0,0.0,1,10000.0,V,28170.0,O,8928.0,28000.0,404.0,0.0,0.0,0.0,0.0
54.0,2.0,0.0,1,2100.0,N,48000.0,O,50464.0,28464.0,600.0,0.0,0.0,88.0,0.0
62.0,0.0,0.0,1,0.0,P,18009.0,F,0.0,0.0,280.0,0.0,0.0,0.0,0.0
46.0,1.0,0.0,1,2500.0,P,33000.0,O,3392.0,54000.0,0.0,240.0,480.0,0.0,0.0
19.0,0.0,0.0,1,104.0,R,24000.0,O,52928.0,4.0,0.0,0.0,0.0,0.0,0.0
62.0,0.0,0.0,1,8970.0,B,18474.0,O,57464.0,28008.0,748.0,0.0,0.0,140.0,0.0
64.0,0.0,0.0,1,0.0,T,4170.0,P,0.0,0.0,0.0,0.0,0.0,0.0,0.0
31.0,0.0,0.0,1,20000.0,U,0.0,O,0.0,0.0,0.0,0.0,0.0,0.0,1.0
33.0,0.0,0.0,1,3600.0,P,9360.0,U,0.0,0.0,152.0,512.0,0.0,0.0,1.0
38.0,2.0,0.0,1,5000.0,V,18464.0,O,13568.0,28928.0,0.0,2000.0,0.0,600.0,0.0
31.0,2.0,1.0,1,0.0,P,33464.0,F,0.0,0.0,2800.0,0.0,0.0,800.0,0.0
55.0,1.0,1.0,1,0.0,P,27000.0,O,16928.0,14464.0,580.0,0.0,0.0,0.0,0.0
31.0,2.0,0.0,0,0.0,P,3928.0,F,0.0,0.0,852.0,0.0,0.0,0.0,0.0
33.0,0.0,0.0,1,0.0,P,33750.0,O,54464.0,30464.0,940.0,460.0,44.0,0.0,0.0
29.0,0.0,0.0,1,1000.0,P,60000.0,O,3392.0,4.0,0.0,0.0,0.0,0.0,0.0
63.0,0.0,0.0,0,0.0,P,18300.0,F,0.0,0.0,500.0,0.0,0.0,0.0,0.0
42.0,3.0,0.0,1,1000.0,V,26637.0,O,54464.0,4.0,0.0,0.0,276.0,0.0,0.0
45.0,4.0,0.0,1,10400.0,V,6600.0,O,48928.0,54000.0,352.0,124.0,0.0,0.0,0.0
60.0,0.0,0.0,1,8000.0,P,36000.0,O,48928.0,20928.0,1608.0,800.0,0.0,0.0,0.0
28.0,0.0,0.0,1,0.0,V,17100.0,F,0.0,0.0,0.0,100.0,0.0,0.0,0.0
63.0,0.0,0.0,1,0.0,B,26400.0,P,0.0,0.0,320.0,316.0,0.0,0.0,0.0
59.0,1.0,0.0,1,2000.0,P,48000.0,O,36928.0,50464.0,776.0,276.0,0.0,0.0,0.0
65.0,0.0,0.0,0,0.0,V,9000.0,O,36000.0,20000.0,220.0,112.0,0.0,0.0,0.0
44.0,2.0,0.0,1,0.0,V,42000.0,O,28928.0,22000.0,108.0,56.0,0.0,0.0,0.0
64.0,0.0,0.0,1,0.0,V,21357.0,P,0.0,0.0,0.0,0.0,0.0,0.0,1.0
66.0,0.0,0.0,1,0.0,P,15000.0,P,0.0,0.0,0.0,0.0,0.0,0.0,1.0
45.0,0.0,0.0,1,30000.0,W,0.0,O,21248.0,14464.0,0.0,0.0,0.0,0.0,0.0
68.0,0.0,0.0,1,0.0,T,6189.0,P,0.0,0.0,0.0,0.0,0.0,0.0,0.0
54.0,2.0,0.0,1,0.0,P,55068.0,O,43392.0,4.0,0.0,0.0,0.0,0.0,0.0
45.0,4.0,0.0,1,0.0,E,42000.0,O,28928.0,34464.0,988.0,0.0,0.0,0.0,0.0
13.0,0.0,0.0,0,850.0,R,37500.0,U,0.0,0.0,520.0,0.0,0.0,0.0,0.0
58.0,0.0,0.0,1,0.0,P,40500.0,O,26464.0,64000.0,520.0,0.0,0.0,0.0,0.0
66.0,0.0,0.0,1,0.0,P,21750.0,P,0.0,0.0,0.0,0.0,0.0,60.0,1.0
59.0,1.0,0.0,1,16000.0,V,15000.0,O,24928.0,54464.0,960.0,180.0,0.0,0.0,0.0
68.0,0.0,0.0,1,0.0,T,0.0,P,48928.0,6464.0,0.0,0.0,0.0,0.0,0.0
99.0,0.0,0.0,1,0.0,R,0.0,O,34464.0,4.0,0.0,0.0,0.0,0.0,0.0
45.0,4.0,0.0,1,20000.0,W,0.0,F,0.0,0.0,0.0,0.0,0.0,0.0,0.0
31.0,0.0,0.0,1,0.0,V,34170.0,O,0.0,0.0,0.0,0.0,0.0,0.0,1.0
54.0,0.0,0.0,1,0.0,P,23646.0,O,4928.0,4.0,0.0,380.0,0.0,32.0,0.0
57.0,0.0,0.0,1,0.0,P,18765.0,N,0.0,0.0,0.0,0.0,0.0,0.0,0.0
28.0,0.0,0.0,1,0.0,R,0.0,U,0.0,0.0,432.0,0.0,0.0,0.0,0.0
57.0,3.0,0.0,1,2928.0,E,8784.0,U,0.0,0.0,400.0,0.0,0.0,0.0,0.0
55.0,3.0,0.0,1,4000.0,V,60000.0,O,57856.0,56928.0,2000.0,0.0,0.0,600.0,0.0
68.0,0.0,0.0,0,0.0,T,13800.0,P,0.0,0.0,400.0,0.0,0.0,0.0,1.0
67.0,0.0,0.0,1,0.0,T,18000.0,P,0.0,0.0,400.0,0.0,0.0,0.0,0.0
19.0,0.0,0.0,1,0.0,R,12000.0,O,30464.0,4.0,0.0,0.0,0.0,0.0,0.0
57.0,0.0,0.0,1,0.0,P,52500.0,P,0.0,0.0,0.0,0.0,0.0,0.0,0.0
35.0,0.0,0.0,1,0.0,E,34500.0,O,3392.0,36000.0,288.0,0.0,0.0,0.0,0.0
66.0,0.0,0.0,1,0.0,M,1620.0,N,0.0,0.0,0.0,272.0,0.0,0.0,1.0
46.0,2.0,0.0,1,1960.0,P,39750.0,O,12464.0,29200.0,304.0,80.0,0.0,80.0,0.0
59.0,0.0,0.0,1,7195.0,V,19728.0,O,40464.0,56000.0,292.0,0.0,0.0,0.0,0.0
60.0,0.0,0.0,1,0.0,P,22200.0,P,0.0,0.0,0.0,0.0,0.0,0.0,0.0
63.0,0.0,0.0,1,0.0,V,12825.0,N,0.0,0.0,0.0,0.0,0.0,20.0,0.0
66.0,0.0,0.0,1,0.0,P,16500.0,P,0.0,0.0,0.0,0.0,0.0,0.0,0.0
60.0,1.0,0.0,1,0.0,P,36012.0,O,62464.0,40464.0,1000.0,0.0,0.0,0.0,0.0
59.0,1.0,0.0,1,0.0,V,36000.0,O,58464.0,26464.0,1160.0,640.0,0.0,0.0,0.0
62.0,0.0,0.0,1,0.0,P,18000.0,F,0.0,0.0,572.0,0.0,0.0,0.0,0.0
49.0,0.0,0.0,1,0.0,P,43800.0,O,12928.0,22464.0,760.0,240.0,0.0,100.0,0.0
61.0,0.0,0.0,0,0.0,M,30510.0,F,0.0,0.0,384.0,0.0,0.0,0.0,0.0
52.0,0.0,0.0,1,2000.0,E,60000.0,O,63392.0,43392.0,2280.0,0.0,0.0,0.0,0.0
50.0,2.0,0.0,1,0.0,V,59931.0,O,11392.0,54464.0,880.0,576.0,0.0,64.0,0.0
67.0,0.0,0.0,1,0.0,T,0.0,P,0.0,0.0,0.0,0.0,0.0,0.0,0.0
61.0,0.0,0.0,0,0.0,M,30300.0,F,0.0,0.0,0.0,0.0,80.0,60.0,0.0
61.0,0.0,0.0,1,0.0,V,21474.0,U,0.0,0.0,0.0,0.0,0.0,640.0,0.0
37.0,0.0,0.0,1,7500.0,P,3000.0,O,8928.0,4.0,0.0,0.0,0.0,20.0,0.0
64.0,0.0,0.0,1,0.0,P,18000.0,F,0.0,0.0,480.0,0.0,0.0,0.0,0.0
15.0,0.0,0.0,1,0.0,R,15300.0,O,42464.0,0.0,0.0,0.0,0.0,0.0,0.0
38.0,0.0,0.0,1,3000.0,E,22500.0,O,28928.0,12000.0,224.0,0.0,0.0,100.0,0.0
68.0,0.0,0.0,1,0.0,T,5862.0,U,0.0,0.0,160.0,0.0,0.0,0.0,0.0
56.0,3.0,0.0,1,9000.0,P,15000.0,U,0.0,0.0,448.0,0.0,0.0,0.0,0.0
24.0,0.0,0.0,1,0.0,V,23445.0,O,4928.0,4.0,0.0,0.0,0.0,120.0,0.0
45.0,1.0,0.0,1,0.0,P,29769.0,U,0.0,0.0,408.0,0.0,0.0,40.0,0.0
57.0,0.0,0.0,1,0.0,E,7800.0,F,0.0,0.0,0.0,0.0,0.0,0.0,1.0
52.0,2.0,1.0,1,0.0,P,45000.0,O,54464.0,14464.0,684.0,0.0,0.0,0.0,0.0
62.0,0.0,0.0,1,0.0,V,60464.0,N,0.0,0.0,0.0,0.0,0.0,0.0,0.0
43.0,0.0,0.0,1,9500.0,P,23400.0,O,34464.0,60000.0,488.0,200.0,0.0,100.0,0.0
21.0,0.0,0.0,1,0.0,R,0.0,O,0.0,0.0,0.0,152.0,0.0,0.0,0.0
39.0,3.0,0.0,1,3600.0,P,36000.0,O,8928.0,0.0,380.0,152.0,0.0,32.0,0.0
63.0,0.0,0.0,1,0.0,P,33000.0,U,0.0,0.0,356.0,424.0,0.0,200.0,0.0
53.0,0.0,0.0,1,5000.0,P,36000.0,O,26464.0,51200.0,440.0,380.0,0.0,60.0,0.0
64.0,0.0,0.0,1,0.0,E,24000.0,P,0.0,0.0,0.0,0.0,0.0,0.0,0.0
35.0,0.0,0.0,1,0.0,V,23100.0,U,0.0,0.0,340.0,0.0,0.0,100.0,0.0
61.0,0.0,0.0,1,0.0,P,19500.0,P,0.0,0.0,0.0,0.0,0.0,160.0,1.0
33.0,1.0,0.0,1,1750.0,V,24464.0,O,57856.0,36000.0,600.0,0.0,0.0,80.0,0.0
49.0,1.0,0.0,1,3500.0,P,34200.0,O,62464.0,41664.0,752.0,0.0,64.0,160.0,0.0
53.0,2.0,0.0,1,0.0,E,39464.0,O,6784.0,28928.0,2000.0,0.0,0.0,0.0,0.0
55.0,0.0,0.0,1,0.0,P,40500.0,O,23392.0,48464.0,1040.0,0.0,0.0,0.0,1.0
57.0,0.0,0.0,1,0.0,V,28500.0,O,4928.0,14052.0,672.0,436.0,0.0,128.0,0.0
39.0,5.0,0.0,1,0.0,E,0.0,O,48928.0,40000.0,612.0,0.0,0.0,0.0,0.0
62.0,0.0,0.0,1,0.0,P,20907.0,F,0.0,0.0,400.0,0.0,0.0,0.0,0.0
36.0,3.0,0.0,1,0.0,V,57000.0,O,23392.0,24000.0,340.0,0.0,0.0,0.0,0.0
61.0,0.0,0.0,1,0.0,P,25500.0,P,0.0,0.0,0.0,668.0,0.0,80.0,1.0
43.0,2.0,0.0,1,1500.0,P,42000.0,O,48928.0,48000.0,440.0,140.0,0.0,0.0,0.0
21.0,0.0,0.0,1,0.0,R,24000.0,O,43392.0,4.0,0.0,0.0,0.0,0.0,0.0
66.0,0.0,0.0,1,0.0,P,2961.0,F,0.0,0.0,300.0,0.0,0.0,80.0,0.0
68.0,0.0,0.0,1,0.0,P,14625.0,P,0.0,0.0,160.0,272.0,0.0,0.0,0.0
25.0,2.0,0.0,1,0.0,P,18928.0,O,10176.0,2464.0,1520.0,0.0,0.0,0.0,0.0
58.0,0.0,0.0,1,0.0,P,18000.0,P,0.0,0.0,400.0,0.0,0.0,0.0,0.0
37.0,1.0,0.0,1,15000.0,P,10500.0,O,48928.0,4.0,0.0,0.0,0.0,0.0,0.0
62.0,0.0,0.0,1,0.0,P,28200.0,O,6464.0,58000.0,488.0,0.0,0.0,0.0,0.0
57.0,1.0,1.0,1,4800.0,M,58500.0,O,60928.0,46928.0,1840.0,436.0,0.0,0.0,0.0
47.0,2.0,0.0,1,2500.0,E,24000.0,O,64464.0,52000.0,520.0,0.0,0.0,0.0,0.0
58.0,2.0,0.0,1,1500.0,E,24000.0,O,23392.0,10464.0,676.0,0.0,0.0,0.0,0.0
52.0,2.0,0.0,1,2500.0,V,32403.0,O,4928.0,8464.0,536.0,104.0,0.0,100.0,0.0
42.0,0.0,0.0,1,0.0,P,30000.0,O,45664.0,34464.0,760.0,800.0,0.0,0.0,0.0
66.0,0.0,0.0,1,0.0,P,18000.0,O,64000.0,0.0,416.0,192.0,0.0,0.0,0.0
39.0,0.0,0.0,1,0.0,V,0.0,U,0.0,0.0,416.0,0.0,0.0,0.0,0.0
17.0,0.0,0.0,1,0.0,R,16200.0,F,0.0,0.0,160.0,0.0,0.0,0.0,0.0
60.0,0.0,0.0,0,0.0,V,24300.0,O,62000.0,60000.0,440.0,156.0,0.0,0.0,0.0
65.0,0.0,0.0,1,0.0,E,45000.0,P,0.0,0.0,200.0,0.0,0.0,0.0,0.0
58.0,0.0,0.0,1,0.0,B,30900.0,F,0.0,0.0,280.0,0.0,0.0,0.0,0.0
26.0,0.0,0.0,1,0.0,E,9464.0,O,17856.0,0.0,0.0,0.0,0.0,0.0,0.0
48.0,3.0,0.0,1,0.0,P,41400.0,O,6464.0,36000.0,352.0,320.0,0.0,0.0,0.0
45.0,2.0,0.0,1,6250.0,V,41256.0,O,60928.0,56464.0,1292.0,0.0,0.0,0.0,0.0
54.0,2.0,0.0,1,0.0,V,31500.0,O,54464.0,0.0,912.0,88.0,0.0,200.0,1.0
62.0,1.0,0.0,1,0.0,E,33000.0,O,14464.0,4.0,0.0,0.0,0.0,0.0,1.0
42.0,2.0,0.0,1,6000.0,P,27000.0,O,63392.0,20000.0,460.0,0.0,0.0,0.0,1.0
48.0,2.0,0.0,1,1800.0,V,51000.0,O,43392.0,14464.0,800.0,0.0,0.0,0.0,0.0
46.0,2.0,1.0,1,0.0,P,15464.0,O,15712.0,28928.0,520.0,0.0,0.0,0.0,0.0
63.0,0.0,0.0,1,0.0,P,18750.0,O,464.0,0.0,600.0,0.0,0.0,0.0,0.0
63.0,0.0,0.0,1,0.0,E,24000.0,P,0.0,0.0,0.0,428.0,0.0,0.0,0.0
65.0,0.0,0.0,1,4000.0,P,17700.0,O,2464.0,64000.0,500.0,200.0,0.0,0.0,0.0
61.0,0.0,0.0,0,0.0,P,16500.0,F,0.0,0.0,400.0,80.0,0.0,0.0,1.0
59.0,0.0,0.0,1,0.0,V,30000.0,P,0.0,0.0,0.0,0.0,0.0,0.0,0.0
61.0,0.0,0.0,1,0.0,P,37500.0,P,0.0,0.0,0.0,0.0,0.0,0.0,0.0
62.0,0.0,0.0,1,0.0,T,13800.0,O,27392.0,4928.0,400.0,0.0,0.0,0.0,0.0
34.0,1.0,1.0,1,0.0,E,9464.0,O,17856.0,16000.0,552.0,0.0,0.0,400.0,0.0
59.0,0.0,0.0,1,6000.0,B,30900.0,O,62464.0,0.0,0.0,1400.0,0.0,0.0,0.0
64.0,0.0,0.0,1,0.0,P,18300.0,P,0.0,0.0,0.0,0.0,0.0,0.0,0.0
44.0,2.0,0.0,1,0.0,P,15464.0,O,59392.0,54464.0,2240.0,0.0,0.0,0.0,0.0
61.0,0.0,0.0,1,0.0,P,33000.0,P,0.0,0.0,100.0,500.0,0.0,0.0,0.0
13.0,0.0,0.0,1,0.0,R,45000.0,O,6784.0,4.0,0.0,0.0,0.0,400.0,0.0
29.0,1.0,0.0,1,0.0,E,36000.0,O,23392.0,38464.0,1048.0,0.0,0.0,0.0,1.0
55.0,2.0,0.0,1,0.0,E,48928.0,O,41248.0,48928.0,1960.0,0.0,0.0,0.0,1.0
44.0,0.0,0.0,0,0.0,V,30900.0,O,58928.0,54464.0,840.0,440.0,0.0,80.0,0.0
47.0,2.0,0.0,1,0.0,E,0.0,U,0.0,0.0,0.0,0.0,0.0,0.0,0.0
65.0,0.0,0.0,1,0.0,P,15000.0,P,0.0,0.0,0.0,0.0,0.0,0.0,1.0
26.0,0.0,0.0,1,0.0,P,15600.0,O,18464.0,28000.0,240.0,0.0,0.0,0.0,1.0
47.0,0.0,0.0,1,0.0,P,22500.0,O,23392.0,30464.0,888.0,0.0,0.0,0.0,1.0
40.0,1.0,0.0,1,14500.0,V,57000.0,O,12320.0,12464.0,680.0,0.0,0.0,80.0,0.0
36.0,0.0,0.0,1,0.0,V,16947.0,U,0.0,0.0,0.0,0.0,464.0,0.0,0.0
63.0,0.0,0.0,1,5200.0,P,11700.0,O,22464.0,0.0,540.0,264.0,100.0,160.0,1.0
26.0,0.0,0.0,1,0.0,R,17400.0,O,22464.0,4.0,0.0,0.0,464.0,0.0,0.0
37.0,1.0,0.0,1,0.0,V,51000.0,O,36928.0,8864.0,712.0,0.0,0.0,0.0,1.0
35.0,0.0,0.0,1,0.0,P,21000.0,O,34464.0,0.0,240.0,0.0,0.0,0.0,0.0
64.0,0.0,0.0,1,0.0,V,18252.0,P,0.0,0.0,0.0,0.0,0.0,0.0,0.0
64.0,0.0,0.0,1,0.0,P,12000.0,P,0.0,0.0,0.0,0.0,0.0,0.0,0.0
56.0,1.0,0.0,1,8050.0,V,43500.0,O,8928.0,62464.0,1168.0,0.0,56.0,0.0,0.0
56.0,0.0,0.0,1,11300.0,P,24000.0,O,48928.0,58464.0,880.0,304.0,0.0,0.0,0.0
42.0,1.0,2.0,1,5040.0,P,27000.0,O,4928.0,54464.0,772.0,0.0,0.0,0.0,0.0
64.0,0.0,0.0,1,0.0,P,27000.0,P,0.0,0.0,400.0,472.0,0.0,0.0,0.0
31.0,2.0,0.0,1,0.0,P,31500.0,O,63392.0,50000.0,728.0,0.0,0.0,0.0,0.0
61.0,1.0,0.0,1,0.0,P,31671.0,O,12928.0,928.0,540.0,316.0,0.0,120.0,1.0
47.0,2.0,0.0,1,0.0,P,18000.0,U,0.0,0.0,400.0,0.0,0.0,0.0,0.0
56.0,0.0,0.0,1,0.0,P,17700.0,F,0.0,0.0,400.0,0.0,0.0,0.0,0.0
49.0,1.0,0.0,1,9600.0,P,22500.0,O,43392.0,4928.0,1440.0,0.0,0.0,160.0,1.0
58.0,0.0,0.0,1,0.0,P,18000.0,O,0.0,0.0,400.0,0.0,0.0,0.0,0.0
19.0,0.0,0.0,1,0.0,R,0.0,O,0.0,0.0,0.0,0.0,0.0,0.0,1.0
51.0,2.0,0.0,1,0.0,P,33000.0,O,46464.0,60000.0,428.0,132.0,504.0,0.0,0.0
69.0,0.0,0.0,1,0.0,T,4329.0,P,0.0,0.0,0.0,0.0,0.0,0.0,0.0
56.0,1.0,0.0,0,0.0,P,24464.0,O,56928.0,56928.0,1920.0,0.0,0.0,1200.0,0.0
67.0,0.0,0.0,1,0.0,T,10500.0,P,0.0,0.0,288.0,0.0,0.0,0.0,0.0
29.0,0.0,0.0,0,0.0,E,0.0,O,0.0,0.0,0.0,0.0,0.0,0.0,0.0
64.0,0.0,0.0,0,0.0,P,16500.0,O,26464.0,26464.0,668.0,96.0,160.0,0.0,0.0
52.0,2.0,0.0,1,0.0,P,25500.0,O,38464.0,0.0,768.0,0.0,0.0,0.0,0.0
48.0,3.0,0.0,1,0.0,P,464.0,O,23392.0,2464.0,0.0,0.0,0.0,0.0,0.0
62.0,0.0,0.0,1,8000.0,P,24000.0,O,26464.0,0.0,680.0,0.0,0.0,0.0,0.0
67.0,0.0,0.0,1,0.0,T,6000.0,P,0.0,0.0,0.0,0.0,0.0,0.0,0.0
37.0,1.0,0.0,1,1300.0,P,31500.0,U,0.0,0.0,392.0,0.0,152.0,160.0,0.0
53.0,3.0,0.0,1,0.0,E,34500.0,O,10928.0,14464.0,660.0,0.0,0.0,0.0,0.0
67.0,0.0,0.0,1,0.0,T,0.0,P,0.0,0.0,0.0,0.0,0.0,0.0,0.0
38.0,0.0,2.0,1,0.0,R,10947.0,U,0.0,0.0,0.0,0.0,0.0,28.0,0.0
51.0,1.0,0.0,1,2000.0,P,36000.0,O,20928.0,34464.0,720.0,200.0,0.0,0.0,0.0
55.0,3.0,0.0,1,0.0,P,24000.0,O,50464.0,30464.0,880.0,0.0,0.0,0.0,0.0
56.0,3.0,0.0,1,0.0,M,55200.0,U,0.0,0.0,560.0,200.0,600.0,200.0,0.0
52.0,3.0,0.0,1,0.0,P,19500.0,O,60000.0,4.0,0.0,0.0,0.0,0.0,0.0
65.0,0.0,0.0,1,0.0,P,10476.0,P,0.0,0.0,240.0,0.0,80.0,0.0,1.0
50.0,2.0,0.0,0,0.0,M,39000.0,O,28928.0,42464.0,1000.0,240.0,0.0,0.0,0.0
19.0,0.0,0.0,1,1209.0,R,19761.0,U,0.0,0.0,340.0,52.0,0.0,0.0,0.0
43.0,1.0,0.0,1,0.0,P,27000.0,U,0.0,0.0,360.0,0.0,0.0,0.0,0.0
53.0,2.0,0.0,1,0.0,V,39132.0,O,60928.0,14464.0,760.0,0.0,0.0,0.0,0.0
64.0,0.0,0.0,1,0.0,P,9600.0,P,0.0,0.0,224.0,0.0,0.0,0.0,0.0
53.0,1.0,0.0,1,0.0,P,52500.0,O,24928.0,54464.0,1108.0,348.0,0.0,0.0,0.0
66.0,0.0,0.0,1,0.0,T,5700.0,P,0.0,0.0,356.0,0.0,0.0,0.0,0.0
41.0,0.0,0.0,1,8000.0,P,36000.0,O,11392.0,6588.0,184.0,0.0,0.0,0.0,0.0
50.0,4.0,0.0,1,7000.0,P,30000.0,O,8928.0,64000.0,500.0,540.0,0.0,0.0,1.0
51.0,0.0,0.0,1,0.0,V,9600.0,U,0.0,0.0,256.0,0.0,0.0,0.0,0.0
37.0,3.0,0.0,1,22500.0,P,1964.0,O,21248.0,4.0,0.0,1600.0,0.0,2400.0,0.0
56.0,0.0,0.0,1,0.0,P,30000.0,O,42464.0,16464.0,744.0,188.0,0.0,0.0,1.0
27.0,0.0,0.0,1,0.0,R,18000.0,O,0.0,0.0,0.0,0.0,0.0,0.0,0.0
59.0,0.0,0.0,1,0.0,P,31500.0,O,58464.0,26464.0,640.0,0.0,0.0,200.0,1.0
28.0,0.0,0.0,1,5200.0,E,0.0,O,43392.0,4.0,0.0,0.0,0.0,0.0,0.0
51.0,1.0,0.0,0,0.0,P,54000.0,O,3392.0,22928.0,1580.0,0.0,0.0,0.0,0.0
48.0,2.0,0.0,1,4200.0,P,54000.0,O,43392.0,56000.0,0.0,0.0,1600.0,0.0,0.0
58.0,0.0,0.0,1,0.0,P,43500.0,O,20928.0,0.0,800.0,0.0,0.0,280.0,1.0
29.0,0.0,0.0,1,0.0,V,60000.0,O,0.0,0.0,0.0,0.0,0.0,0.0,0.0
48.0,2.0,0.0,1,5500.0,P,3000.0,U,0.0,0.0,0.0,0.0,0.0,0.0,1.0
48.0,3.0,0.0,1,3000.0,P,22500.0,F,0.0,0.0,408.0,240.0,0.0,0.0,0.0
52.0,3.0,0.0,1,0.0,V,51900.0,U,0.0,0.0,1360.0,480.0,0.0,160.0,0.0
62.0,1.0,0.0,1,2356.0,V,27000.0,U,0.0,0.0,500.0,100.0,340.0,60.0,0.0
64.0,0.0,0.0,1,0.0,V,17250.0,F,0.0,0.0,336.0,0.0,0.0,0.0,0.0
50.0,0.0,0.0,1,9473.0,V,36000.0,O,60928.0,32464.0,720.0,0.0,0.0,0.0,0.0
30.0,0.0,0.0,1,0.0,P,6240.0,O,0.0,0.0,0.0,0.0,0.0,0.0,0.0
66.0,0.0,0.0,1,0.0,P,14625.0,P,0.0,0.0,240.0,92.0,160.0,0.0,0.0
65.0,0.0,0.0,1,0.0,P,15054.0,P,0.0,0.0,0.0,0.0,0.0,40.0,0.0
55.0,2.0,0.0,1,0.0,P,60000.0,O,8928.0,26464.0,800.0,0.0,356.0,0.0,0.0
54.0,1.0,0.0,1,10000.0,V,6900.0,O,36928.0,6400.0,512.0,76.0,0.0,0.0,0.0
38.0,0.0,0.0,1,0.0,V,32769.0,O,2464.0,0.0,0.0,160.0,0.0,0.0,0.0
33.0,0.0,0.0,0,0.0,E,9464.0,O,10176.0,4.0,0.0,0.0,0.0,0.0,0.0
23.0,0.0,0.0,1,0.0,R,14400.0,O,8928.0,5440.0,272.0,0.0,0.0,0.0,0.0
51.0,2.0,0.0,1,0.0,P,42600.0,O,4928.0,4.0,0.0,0.0,0.0,0.0,0.0
41.0,3.0,0.0,1,1976.0,P,17940.0,U,0.0,0.0,496.0,124.0,0.0,0.0,0.0
42.0,1.0,0.0,1,0.0,V,17100.0,U,0.0,0.0,352.0,432.0,0.0,80.0,0.0
54.0,1.0,2.0,1,0.0,P,30000.0,O,38464.0,14400.0,212.0,0.0,0.0,0.0,0.0
31.0,0.0,0.0,1,0.0,P,18750.0,U,0.0,0.0,0.0,212.0,0.0,0.0,0.0
58.0,0.0,0.0,1,0.0,V,15300.0,F,0.0,0.0,480.0,0.0,0.0,0.0,0.0
58.0,0.0,0.0,1,0.0,P,33600.0,P,0.0,0.0,0.0,0.0,0.0,120.0,0.0
39.0,0.0,0.0,1,0.0,W,0.0,O,46464.0,26464.0,0.0,0.0,0.0,0.0,1.0
40.0,0.0,0.0,1,0.0,P,48000.0,O,52320.0,28928.0,0.0,400.0,0.0,0.0,0.0
57.0,2.0,0.0,1,0.0,V,31500.0,O,48928.0,54464.0,944.0,0.0,0.0,0.0,0.0
40.0,1.0,0.0,1,6000.0,E,45000.0,O,11392.0,56000.0,408.0,216.0,0.0,200.0,0.0
38.0,2.0,0.0,1,0.0,B,54000.0,O,4928.0,28000.0,324.0,640.0,0.0,240.0,1.0
12.0,0.0,0.0,1,0.0,R,0.0,U,0.0,0.0,276.0,0.0,0.0,0.0,0.0
64.0,0.0,0.0,1,0.0,P,19500.0,P,0.0,0.0,400.0,344.0,0.0,0.0,0.0
49.0,3.0,0.0,1,0.0,P,42000.0,N,0.0,0.0,0.0,1080.0,0.0,0.0,1.0
52.0,2.0,0.0,1,0.0,E,22500.0,O,34464.0,4.0,0.0,0.0,0.0,80.0,0.0
57.0,0.0,0.0,1,8500.0,V,28200.0,O,46464.0,18464.0,644.0,240.0,520.0,20.0,0.0
67.0,0.0,0.0,1,0.0,T,5580.0,F,0.0,0.0,272.0,0.0,0.0,0.0,0.0
58.0,0.0,0.0,1,0.0,P,24464.0,U,0.0,0.0,0.0,0.0,0.0,0.0,0.0
67.0,0.0,0.0,1,0.0,P,12900.0,P,0.0,0.0,240.0,0.0,0.0,0.0,0.0
56.0,0.0,0.0,1,0.0,P,24000.0,O,64000.0,0.0,400.0,0.0,0.0,120.0,1.0
57.0,0.0,0.0,1,0.0,P,22500.0,P,0.0,0.0,0.0,0.0,0.0,0.0,0.0
40.0,0.0,0.0,1,8000.0,P,15000.0,O,24928.0,56000.0,416.0,384.0,0.0,0.0,0.0
68.0,0.0,0.0,1,0.0,T,5703.0,F,0.0,0.0,400.0,0.0,0.0,0.0,0.0
66.0,0.0,0.0,1,0.0,T,6600.0,P,0.0,0.0,400.0,0.0,0.0,0.0,0.0
64.0,0.0,0.0,1,0.0,P,17739.0,F,0.0,0.0,320.0,0.0,0.0,0.0,0.0
56.0,1.0,0.0,1,0.0,P,30000.0,O,8928.0,34464.0,848.0,0.0,128.0,96.0,0.0
59.0,0.0,0.0,1,0.0,P,36000.0,O,52928.0,24928.0,1684.0,228.0,208.0,0.0,1.0
57.0,0.0,0.0,1,8200.0,P,54000.0,O,8320.0,5856.0,2400.0,580.0,0.0,0.0,0.0
52.0,4.0,0.0,1,0.0,P,48000.0,O,57856.0,28928.0,1296.0,280.0,0.0,200.0,0.0
59.0,1.0,0.0,1,0.0,V,13500.0,O,46464.0,34464.0,0.0,0.0,0.0,0.0,0.0
52.0,1.0,0.0,1,11500.0,W,0.0,O,15392.0,60000.0,388.0,0.0,0.0,0.0,0.0
64.0,0.0,0.0,0,7800.0,V,19800.0,O,30464.0,26464.0,0.0,0.0,0.0,0.0,0.0
45.0,1.0,1.0,1,0.0,E,18000.0,U,0.0,0.0,392.0,0.0,0.0,0.0,0.0
60.0,0.0,0.0,1,0.0,B,22500.0,P,0.0,0.0,320.0,320.0,0.0,0.0,0.0
46.0,2.0,0.0,1,0.0,E,45000.0,O,28928.0,1928.0,1400.0,920.0,0.0,0.0,0.0
68.0,0.0,0.0,1,0.0,P,8100.0,P,0.0,0.0,0.0,0.0,0.0,0.0,0.0
61.0,0.0,0.0,0,9100.0,P,38100.0,O,49464.0,48464.0,600.0,0.0,0.0,120.0,0.0
27.0,0.0,0.0,1,3321.0,P,45000.0,O,9856.0,28000.0,320.0,608.0,100.0,0.0,1.0
63.0,1.0,0.0,1,12000.0,E,3000.0,O,6464.0,48000.0,440.0,0.0,208.0,0.0,0.0
63.0,0.0,0.0,1,0.0,P,12000.0,P,0.0,0.0,0.0,0.0,0.0,0.0,0.0
67.0,0.0,0.0,1,0.0,T,7500.0,P,0.0,0.0,0.0,0.0,0.0,0.0,0.0
66.0,0.0,0.0,1,0.0,P,16500.0,F,0.0,0.0,340.0,0.0,0.0,0.0,0.0
40.0,0.0,0.0,0,0.0,B,60000.0,O,37856.0,34464.0,0.0,0.0,0.0,0.0,0.0
35.0,2.0,0.0,1,0.0,P,19500.0,O,48928.0,4800.0,0.0,0.0,0.0,0.0,0.0
59.0,0.0,0.0,1,0.0,V,15300.0,N,0.0,0.0,400.0,0.0,0.0,40.0,1.0
60.0,0.0,0.0,1,0.0,P,41700.0,F,0.0,0.0,440.0,600.0,0.0,400.0,0.0
37.0,0.0,0.0,1,15000.0,W,0.0,O,3392.0,4.0,0.0,0.0,0.0,0.0,0.0
47.0,0.0,0.0,0,0.0,E,0.0,N,0.0,0.0,0.0,0.0,0.0,0.0,0.0
44.0,2.0,1.0,1,3000.0,P,18000.0,O,54464.0,56000.0,432.0,0.0,0.0,60.0,0.0
63.0,0.0,0.0,1,0.0,V,25500.0,P,0.0,0.0,0.0,0.0,0.0,0.0,0.0
64.0,1.0,0.0,1,0.0,P,15000.0,O,57856.0,35392.0,0.0,0.0,0.0,0.0,0.0
14.0,0.0,0.0,1,0.0,R,9900.0,O,54464.0,4.0,0.0,0.0,0.0,0.0,0.0
35.0,2.0,0.0,1,0.0,E,30000.0,O,54464.0,4.0,0.0,0.0,0.0,0.0,0.0
59.0,0.0,0.0,1,0.0,P,45000.0,O,30464.0,2464.0,508.0,0.0,40.0,0.0,1.0
52.0,3.0,0.0,1,1040.0,P,31200.0,O,28464.0,0.0,612.0,196.0,0.0,0.0,1.0
58.0,0.0,0.0,1,3600.0,P,17493.0,U,48928.0,0.0,0.0,0.0,0.0,0.0,0.0
55.0,0.0,0.0,1,0.0,P,18000.0,U,0.0,0.0,0.0,1000.0,0.0,0.0,0.0
55.0,2.0,0.0,1,0.0,P,45000.0,O,32928.0,928.0,1360.0,204.0,0.0,40.0,0.0
55.0,2.0,0.0,1,1100.0,V,40950.0,O,8928.0,26464.0,744.0,0.0,120.0,80.0,0.0
63.0,0.0,0.0,0,0.0,T,0.0,F,0.0,0.0,0.0,0.0,0.0,0.0,0.0
63.0,0.0,0.0,1,0.0,T,5538.0,F,0.0,0.0,436.0,0.0,0.0,0.0,0.0
48.0,0.0,0.0,1,0.0,V,29739.0,N,0.0,0.0,0.0,1048.0,0.0,0.0,0.0
41.0,0.0,0.0,1,12000.0,P,18000.0,O,18464.0,40000.0,116.0,1128.0,0.0,0.0,0.0
65.0,0.0,0.0,1,0.0,P,13065.0,P,0.0,0.0,240.0,0.0,0.0,0.0,0.0
11.0,0.0,0.0,1,0.0,R,0.0,N,0.0,0.0,0.0,0.0,0.0,0.0,0.0
49.0,4.0,0.0,1,0.0,V,25484.0,O,3392.0,8928.0,648.0,0.0,0.0,0.0,0.0
15.0,0.0,0.0,1,0.0,R,27000.0,O,28928.0,0.0,0.0,0.0,0.0,0.0,1.0
57.0,1.0,0.0,1,0.0,E,54000.0,O,63392.0,8928.0,840.0,0.0,0.0,0.0,0.0
62.0,0.0,0.0,1,0.0,B,30000.0,P,0.0,0.0,400.0,0.0,0.0,0.0,0.0
64.0,0.0,0.0,0,0.0,T,5862.0,F,0.0,0.0,44.0,0.0,0.0,0.0,0.0
48.0,2.0,0.0,1,5000.0,P,60000.0,O,39104.0,4.0,0.0,0.0,0.0,0.0,0.0
37.0,2.0,0.0,1,10000.0,P,60000.0,O,17856.0,42464.0,1480.0,0.0,0.0,0.0,0.0
52.0,0.0,0.0,1,0.0,E,0.0,O,0.0,0.0,1160.0,0.0,0.0,0.0,1.0
66.0,0.0,0.0,1,0.0,P,21600.0,F,0.0,0.0,400.0,60.0,0.0,28.0,1.0
18.0,0.0,0.0,1,0.0,R,0.0,F,0.0,0.0,0.0,0.0,0.0,0.0,1.0
58.0,2.0,0.0,1,3750.0,E,24464.0,U,0.0,0.0,480.0,0.0,0.0,200.0,0.0
62.0,0.0,0.0,1,0.0,V,0.0,P,0.0,0.0,0.0,0.0,0.0,0.0,1.0
63.0,1.0,0.0,0,0.0,V,27000.0,U,0.0,0.0,320.0,152.0,0.0,40.0,0.0
48.0,3.0,0.0,1,0.0,V,31887.0,O,18464.0,18464.0,732.0,80.0,232.0,0.0,0.0
67.0,0.0,0.0,1,0.0,T,0.0,P,56928.0,0.0,0.0,0.0,0.0,0.0,0.0
56.0,0.0,0.0,1,9000.0,P,8640.0,O,36928.0,30464.0,820.0,0.0,0.0,0.0,0.0
39.0,1.0,0.0,1,10000.0,P,52500.0,O,57856.0,60000.0,680.0,400.0,0.0,0.0,0.0
69.0,0.0,0.0,1,0.0,V,9000.0,P,0.0,0.0,0.0,0.0,0.0,0.0,1.0
67.0,0.0,0.0,1,0.0,T,7200.0,F,0.0,0.0,380.0,0.0,0.0,0.0,0.0
51.0,0.0,0.0,1,5250.0,P,14628.0,F,0.0,0.0,280.0,0.0,0.0,0.0,0.0
54.0,2.0,0.0,1,3300.0,V,42000.0,O,8928.0,50464.0,848.0,0.0,0.0,80.0,0.0
66.0,0.0,0.0,1,0.0,V,19500.0,N,0.0,0.0,0.0,0.0,0.0,0.0,0.0
45.0,0.0,0.0,0,0.0,P,22800.0,U,0.0,0.0,600.0,0.0,0.0,0.0,0.0
36.0,0.0,0.0,1,0.0,V,15600.0,U,0.0,0.0,352.0,0.0,0.0,0.0,0.0
8.0,0.0,0.0,1,10313.0,R,36855.0,O,48928.0,4.0,0.0,0.0,0.0,0.0,0.0
50.0,2.0,0.0,1,0.0,P,52500.0,O,3392.0,30464.0,716.0,808.0,260.0,0.0,0.0
63.0,0.0,0.0,1,10000.0,P,17160.0,O,46464.0,46464.0,820.0,120.0,0.0,0.0,0.0
48.0,1.0,2.0,1,8512.0,P,26802.0,U,0.0,0.0,440.0,0.0,0.0,0.0,1.0
57.0,0.0,0.0,1,0.0,P,21000.0,U,0.0,0.0,60.0,400.0,0.0,100.0,0.0
49.0,2.0,0.0,1,0.0,V,46917.0,O,63392.0,34464.0,816.0,0.0,0.0,0.0,0.0
46.0,2.0,0.0,1,20000.0,P,42000.0,O,28928.0,12000.0,240.0,0.0,0.0,0.0,0.0
60.0,1.0,0.0,1,0.0,P,42000.0,O,52320.0,54464.0,1020.0,0.0,0.0,300.0,0.0
44.0,1.0,0.0,1,16000.0,V,9696.0,O,28928.0,56000.0,0.0,0.0,0.0,0.0,0.0
56.0,0.0,0.0,1,0.0,P,18600.0,N,0.0,0.0,0.0,0.0,0.0,120.0,0.0
44.0,2.0,0.0,1,1600.0,E,30000.0,N,0.0,0.0,200.0,360.0,160.0,0.0,0.0
54.0,3.0,0.0,1,0.0,E,21000.0,U,0.0,0.0,384.0,1040.0,0.0,0.0,0.0
32.0,0.0,0.0,1,0.0,E,0.0,O,0.0,0.0,0.0,0.0,0.0,0.0,0.0
64.0,0.0,0.0,1,0.0,V,36000.0,P,0.0,0.0,0.0,0.0,0.0,0.0,0.0
54.0,1.0,0.0,1,0.0,P,36000.0,O,62464.0,62464.0,680.0,100.0,0.0,0.0,0.0
62.0,0.0,0.0,0,0.0,P,25500.0,U,0.0,0.0,340.0,132.0,0.0,0.0,0.0
37.0,0.0,0.0,1,16600.0,V,16497.0,O,54464.0,4.0,0.0,0.0,0.0,0.0,0.0
37.0,2.0,1.0,1,0.0,M,12464.0,F,0.0,0.0,480.0,0.0,0.0,1000.0,0.0
65.0,0.0,0.0,1,0.0,V,21000.0,P,0.0,0.0,0.0,0.0,0.0,0.0,0.0
9.0,0.0,0.0,1,0.0,R,0.0,O,60000.0,0.0,0.0,0.0,0.0,0.0,0.0
24.0,0.0,0.0,1,550.0,R,46500.0,O,23392.0,4.0,0.0,0.0,0.0,0.0,0.0
43.0,2.0,0.0,1,30000.0,E,37856.0,O,10176.0,54464.0,0.0,0.0,0.0,0.0,0.0
46.0,2.0,0.0,1,0.0,P,6464.0,O,3392.0,46000.0,400.0,0.0,0.0,0.0,0.0
64.0,0.0,0.0,0,0.0,P,36000.0,F,0.0,0.0,800.0,400.0,0.0,0.0,0.0
34.0,0.0,0.0,1,5500.0,P,16500.0,O,8928.0,0.0,0.0,0.0,0.0,0.0,0.0
54.0,2.0,0.0,1,3000.0,P,60000.0,O,40464.0,0.0,1036.0,0.0,160.0,400.0,0.0
38.0,1.0,1.0,1,0.0,P,25587.0,U,0.0,0.0,312.0,0.0,0.0,0.0,1.0
47.0,0.0,0.0,1,3000.0,P,16500.0,U,0.0,0.0,0.0,192.0,40.0,0.0,1.0
69.0,0.0,0.0,1,0.0,M,15000.0,F,0.0,0.0,0.0,0.0,0.0,0.0,1.0
25.0,0.0,0.0,1,0.0,P,31500.0,O,58464.0,0.0,0.0,0.0,0.0,0.0,1.0
62.0,0.0,0.0,1,0.0,V,24327.0,O,22464.0,8896.0,592.0,0.0,0.0,0.0,0.0
65.0,0.0,0.0,1,0.0,T,5325.0,F,0.0,0.0,600.0,0.0,0.0,0.0,0.0
30.0,0.0,0.0,1,40000.0,R,0.0,O,0.0,0.0,0.0,0.0,0.0,0.0,0.0
48.0,0.0,0.0,1,0.0,P,20220.0,O,26464.0,34000.0,0.0,668.0,0.0,0.0,1.0
46.0,0.0,0.0,1,0.0,P,30000.0,O,48000.0,12000.0,160.0,320.0,0.0,0.0,0.0
66.0,0.0,0.0,1,0.0,P,16200.0,P,0.0,0.0,0.0,228.0,0.0,0.0,0.0
68.0,0.0,0.0,1,0.0,T,6900.0,P,0.0,0.0,0.0,0.0,0.0,0.0,0.0
61.0,0.0,0.0,1,13000.0,P,0.0,O,28928.0,4.0,0.0,0.0,0.0,0.0,1.0
32.0,0.0,0.0,1,0.0,P,35847.0,U,0.0,0.0,300.0,0.0,444.0,0.0,0.0
64.0,0.0,0.0,0,0.0,P,19500.0,U,0.0,0.0,240.0,208.0,80.0,0.0,0.0
61.0,0.0,0.0,1,0.0,P,26265.0,P,0.0,0.0,0.0,0.0,480.0,40.0,0.0
38.0,0.0,0.0,0,0.0,P,0.0,N,6784.0,0.0,0.0,0.0,0.0,0.0,0.0
32.0,1.0,0.0,1,3000.0,P,18464.0,O,27392.0,52000.0,376.0,580.0,0.0,160.0,0.0
67.0,0.0,0.0,1,0.0,T,0.0,P,0.0,0.0,0.0,0.0,0.0,0.0,0.0
58.0,0.0,0.0,1,0.0,P,34956.0,O,22464.0,64000.0,428.0,320.0,0.0,240.0,0.0
60.0,0.0,0.0,1,0.0,B,34500.0,F,0.0,0.0,560.0,0.0,0.0,0.0,0.0
35.0,0.0,0.0,1,0.0,B,31200.0,U,0.0,0.0,88.0,260.0,0.0,0.0,0.0
38.0,0.0,0.0,1,0.0,P,36000.0,O,63392.0,30464.0,680.0,948.0,0.0,0.0,0.0
64.0,0.0,0.0,1,0.0,P,19200.0,P,0.0,0.0,0.0,320.0,0.0,0.0,0.0
30.0,1.0,0.0,0,0.0,P,34500.0,U,0.0,0.0,0.0,472.0,0.0,0.0,1.0
37.0,0.0,2.0,1,0.0,P,37440.0,U,0.0,0.0,0.0,0.0,532.0,0.0,0.0
32.0,1.0,0.0,1,0.0,R,0.0,F,0.0,0.0,0.0,0.0,0.0,0.0,1.0
57.0,0.0,0.0,1,0.0,V,40500.0,O,34464.0,8464.0,600.0,200.0,0.0,200.0,0.0
21.0,1.0,0.0,0,0.0,R,0.0,U,0.0,0.0,0.0,0.0,0.0,0.0,1.0
59.0,1.0,0.0,1,0.0,B,17700.0,U,0.0,0.0,320.0,0.0,0.0,32.0,0.0
21.0,0.0,0.0,1,0.0,R,0.0,O,62464.0,4.0,0.0,0.0,0.0,0.0,0.0
62.0,0.0,0.0,1,0.0,P,24600.0,O,46464.0,14464.0,624.0,0.0,224.0,0.0,0.0
59.0,0.0,0.0,1,0.0,V,24300.0,O,6464.0,49000.0,0.0,0.0,0.0,0.0,1.0
47.0,2.0,0.0,1,0.0,B,21000.0,O,36928.0,52000.0,376.0,0.0,0.0,0.0,1.0
63.0,0.0,0.0,1,5500.0,V,30000.0,U,0.0,0.0,0.0,300.0,80.0,80.0,0.0
48.0,0.0,0.0,0,2000.0,P,24000.0,O,24928.0,59796.0,504.0,0.0,0.0,0.0,0.0
33.0,0.0,0.0,1,0.0,R,30000.0,O,8928.0,4.0,0.0,0.0,0.0,0.0,0.0
48.0,1.0,0.0,1,0.0,P,6464.0,O,56928.0,8928.0,1480.0,1000.0,728.0,100.0,0.0
48.0,2.0,0.0,1,9500.0,P,9464.0,O,63392.0,54464.0,1400.0,0.0,0.0,0.0,0.0
46.0,0.0,0.0,1,10800.0,P,20250.0,U,0.0,0.0,0.0,0.0,0.0,0.0,1.0
42.0,0.0,0.0,1,0.0,V,34947.0,O,62464.0,0.0,600.0,100.0,48.0,0.0,1.0
55.0,1.0,0.0,0,0.0,P,12464.0,N,0.0,0.0,0.0,0.0,0.0,0.0,0.0
50.0,0.0,0.0,1,4000.0,E,15000.0,O,48928.0,64000.0,1000.0,0.0,0.0,0.0,1.0
37.0,3.0,0.0,1,0.0,V,64500.0,O,64464.0,28464.0,888.0,0.0,52.0,0.0,0.0
68.0,0.0,0.0,1,0.0,P,9000.0,P,0.0,0.0,0.0,0.0,0.0,0.0,0.0
26.0,0.0,0.0,1,0.0,E,15928.0,O,37856.0,4.0,0.0,0.0,0.0,0.0,0.0
38.0,3.0,0.0,1,0.0,P,36000.0,O,54464.0,26000.0,320.0,0.0,0.0,0.0,0.0
45.0,0.0,0.0,1,4000.0,E,30000.0,U,0.0,0.0,476.0,400.0,0.0,0.0,0.0
58.0,0.0,0.0,1,0.0,P,22500.0,P,0.0,0.0,800.0,0.0,0.0,0.0,0.0
62.0,0.0,0.0,1,4056.0,P,27000.0,O,26464.0,1396.0,492.0,0.0,0.0,0.0,0.0
55.0,2.0,0.0,1,0.0,P,39000.0,O,40928.0,24928.0,1152.0,0.0,0.0,0.0,0.0
36.0,2.0,0.0,1,0.0,V,0.0,O,30464.0,7200.0,224.0,0.0,0.0,0.0,1.0
65.0,1.0,0.0,0,6858.0,W,0.0,F,0.0,0.0,352.0,0.0,0.0,80.0,1.0
44.0,3.0,0.0,1,0.0,P,60000.0,O,17856.0,60000.0,400.0,0.0,0.0,400.0,0.0
53.0,0.0,0.0,1,10200.0,P,33000.0,O,17856.0,30464.0,800.0,0.0,0.0,0.0,0.0
51.0,1.0,0.0,1,20000.0,P,12600.0,O,28928.0,34464.0,720.0,0.0,0.0,0.0,0.0
58.0,0.0,0.0,1,0.0,V,25653.0,P,0.0,0.0,0.0,220.0,0.0,0.0,0.0
63.0,0.0,0.0,1,0.0,V,20400.0,P,0.0,0.0,200.0,0.0,0.0,300.0,0.0
69.0,0.0,0.0,1,0.0,P,12162.0,P,0.0,0.0,200.0,0.0,0.0,0.0,0.0
44.0,2.0,0.0,1,15000.0,P,9000.0,O,53392.0,30464.0,680.0,0.0,0.0,0.0,1.0
50.0,2.0,0.0,1,2671.0,V,31260.0,O,48928.0,2464.0,496.0,0.0,0.0,0.0,0.0
48.0,1.0,0.0,1,0.0,V,38511.0,O,48464.0,2464.0,500.0,0.0,0.0,100.0,0.0
62.0,1.0,0.0,1,1440.0,P,21000.0,U,0.0,0.0,444.0,76.0,116.0,0.0,0.0
51.0,2.0,0.0,1,0.0,P,15180.0,P,0.0,0.0,0.0,0.0,0.0,0.0,0.0
59.0,0.0,0.0,1,0.0,V,22200.0,F,0.0,0.0,0.0,0.0,0.0,0.0,0.0
68.0,0.0,0.0,1,0.0,T,0.0,N,0.0,0.0,132.0,0.0,0.0,0.0,0.0
65.0,0.0,0.0,1,0.0,P,15000.0,P,0.0,0.0,0.0,0.0,0.0,0.0,0.0
62.0,0.0,0.0,1,10000.0,P,15000.0,O,34464.0,2464.0,548.0,0.0,0.0,0.0,0.0
49.0,1.0,0.0,0,0.0,P,10500.0,O,10464.0,36000.0,348.0,0.0,0.0,0.0,0.0
16.0,0.0,0.0,1,0.0,R,0.0,O,0.0,0.0,0.0,0.0,0.0,0.0,0.0
32.0,0.0,0.0,1,6000.0,P,30000.0,O,27392.0,10000.0,100.0,720.0,0.0,200.0,0.0
52.0,0.0,0.0,1,0.0,P,14040.0,P,0.0,0.0,0.0,120.0,0.0,40.0,1.0
63.0,0.0,0.0,1,0.0,V,20250.0,O,6464.0,60000.0,436.0,0.0,0.0,0.0,1.0
25.0,0.0,0.0,1,0.0,R,0.0,O,54464.0,4.0,0.0,0.0,0.0,0.0,0.0
62.0,0.0,0.0,1,0.0,P,26520.0,P,0.0,0.0,0.0,0.0,72.0,0.0,0.0
65.0,0.0,0.0,0,0.0,V,9276.0,N,0.0,0.0,96.0,0.0,0.0,0.0,0.0
16.0,0.0,0.0,1,0.0,R,0.0,O,2928.0,4.0,0.0,0.0,0.0,0.0,1.0
66.0,0.0,0.0,0,0.0,P,26571.0,N,0.0,0.0,0.0,0.0,0.0,0.0,1.0
48.0,2.0,0.0,1,0.0,P,9464.0,O,17856.0,2464.0,0.0,0.0,0.0,0.0,0.0
33.0,2.0,0.0,1,1500.0,B,464.0,O,3392.0,56000.0,448.0,400.0,0.0,0.0,0.0
49.0,0.0,0.0,0,0.0,P,16500.0,P,0.0,0.0,0.0,0.0,0.0,0.0,1.0
63.0,0.0,0.0,1,0.0,P,24000.0,O,10464.0,0.0,740.0,0.0,0.0,0.0,0.0
62.0,0.0,0.0,0,4700.0,P,15000.0,O,48000.0,0.0,320.0,328.0,0.0,0.0,0.0
57.0,1.0,0.0,1,0.0,W,0.0,O,0.0,0.0,0.0,0.0,0.0,0.0,0.0
60.0,0.0,0.0,1,0.0,P,13284.0,N,0.0,0.0,0.0,188.0,0.0,0.0,0.0
19.0,0.0,0.0,1,0.0,R,6846.0,N,0.0,0.0,0.0,0.0,0.0,0.0,1.0
33.0,0.0,0.0,1,9000.0,P,13434.0,O,42464.0,56000.0,240.0,0.0,0.0,80.0,0.0
44.0,1.0,0.0,1,0.0,P,15000.0,O,43392.0,4.0,0.0,0.0,0.0,0.0,0.0
59.0,1.0,1.0,0,0.0,P,35460.0,O,12928.0,62464.0,900.0,0.0,0.0,44.0,1.0
57.0,0.0,0.0,1,0.0,M,33000.0,P,0.0,0.0,520.0,0.0,0.0,0.0,0.0
68.0,0.0,0.0,1,0.0,T,0.0,P,0.0,0.0,0.0,0.0,0.0,0.0,0.0
65.0,0.0,0.0,1,0.0,P,21000.0,P,0.0,0.0,0.0,800.0,0.0,0.0,0.0
51.0,2.0,0.0,1,0.0,P,21000.0,O,50464.0,0.0,0.0,0.0,0.0,40.0,0.0
50.0,2.0,0.0,1,7518.0,P,27000.0,O,54464.0,54800.0,384.0,0.0,160.0,0.0,0.0
47.0,2.0,0.0,1,0.0,P,33000.0,O,18464.0,32000.0,276.0,0.0,316.0,292.0,0.0
34.0,1.0,0.0,0,0.0,V,24900.0,O,63392.0,4.0,0.0,280.0,0.0,0.0,0.0
65.0,0.0,0.0,1,0.0,T,0.0,F,0.0,0.0,0.0,0.0,0.0,0.0,0.0
30.0,0.0,0.0,1,0.0,E,9464.0,O,0.0,0.0,0.0,0.0,0.0,0.0,1.0
45.0,1.0,0.0,1,8000.0,E,24000.0,O,32320.0,0.0,0.0,0.0,0.0,0.0,1.0
65.0,0.0,0.0,1,0.0,P,20100.0,P,0.0,0.0,0.0,256.0,0.0,0.0,0.0
55.0,2.0,0.0,1,17000.0,W,0.0,O,10176.0,54464.0,0.0,0.0,0.0,0.0,0.0
54.0,0.0,0.0,1,6700.0,P,46500.0,O,58464.0,2464.0,480.0,0.0,0.0,0.0,0.0
48.0,2.0,1.0,1,0.0,W,0.0,O,35392.0,4928.0,0.0,0.0,0.0,0.0,1.0
43.0,1.0,0.0,1,0.0,W,0.0,O,10176.0,0.0,0.0,0.0,0.0,0.0,0.0
60.0,0.0,0.0,1,0.0,V,15390.0,P,0.0,0.0,0.0,0.0,0.0,0.0,0.0
56.0,0.0,0.0,1,0.0,P,10500.0,F,34464.0,0.0,0.0,0.0,0.0,0.0,0.0
24.0,0.0,0.0,1,0.0,E,30000.0,O,44928.0,0.0,0.0,0.0,0.0,0.0,1.0
56.0,0.0,0.0,1,0.0,P,21000.0,U,0.0,0.0,160.0,228.0,0.0,0.0,0.0
67.0,0.0,0.0,1,0.0,T,0.0,P,0.0,0.0,0.0,0.0,0.0,0.0,0.0
61.0,0.0,0.0,1,0.0,T,0.0,P,0.0,0.0,0.0,0.0,0.0,0.0,0.0
55.0,0.0,0.0,1,17446.0,W,0.0,F,0.0,0.0,0.0,0.0,0.0,0.0,0.0
63.0,0.0,0.0,0,0.0,U,0.0,F,0.0,0.0,0.0,0.0,0.0,0.0,1.0
51.0,2.0,0.0,1,2000.0,V,39000.0,O,62464.0,18464.0,660.0,416.0,0.0,0.0,0.0
56.0,1.0,0.0,1,0.0,P,33000.0,U,0.0,0.0,120.0,280.0,0.0,0.0,0.0
68.0,0.0,0.0,1,0.0,V,17739.0,P,0.0,0.0,0.0,0.0,0.0,0.0,0.0
32.0,0.0,1.0,1,2152.0,B,36969.0,F,0.0,0.0,464.0,184.0,0.0,0.0,0.0
50.0,0.0,0.0,1,7000.0,V,36000.0,O,3392.0,40000.0,400.0,0.0,0.0,0.0,0.0
63.0,0.0,0.0,1,6000.0,M,24600.0,O,34464.0,0.0,608.0,460.0,0.0,0.0,0.0
53.0,1.0,0.0,1,0.0,P,21135.0,U,0.0,0.0,200.0,0.0,0.0,0.0,0.0
47.0,0.0,0.0,1,19500.0,P,13500.0,O,27392.0,16928.0,0.0,0.0,0.0,280.0,0.0
54.0,2.0,0.0,1,6984.0,P,22500.0,O,46464.0,2464.0,492.0,180.0,80.0,160.0,0.0
65.0,0.0,0.0,0,0.0,V,17100.0,N,0.0,0.0,240.0,0.0,0.0,0.0,0.0
46.0,1.0,0.0,1,0.0,V,9768.0,P,0.0,0.0,0.0,0.0,0.0,120.0,0.0
61.0,0.0,0.0,1,6420.0,P,19200.0,N,0.0,0.0,0.0,392.0,0.0,0.0,1.0
52.0,2.0,0.0,1,0.0,V,12048.0,O,18928.0,7696.0,92.0,248.0,0.0,0.0,0.0
23.0,0.0,0.0,1,0.0,P,22500.0,O,34464.0,4.0,0.0,0.0,0.0,0.0,0.0
67.0,0.0,0.0,1,0.0,T,0.0,N,0.0,0.0,0.0,0.0,0.0,0.0,0.0
61.0,0.0,0.0,1,2400.0,P,21900.0,O,8464.0,8464.0,532.0,0.0,0.0,0.0,0.0
26.0,0.0,0.0,1,0.0,R,6885.0,O,34464.0,4.0,0.0,0.0,0.0,0.0,0.0
62.0,1.0,0.0,1,9000.0,P,42000.0,O,54464.0,0.0,800.0,0.0,0.0,0.0,0.0
56.0,1.0,0.0,1,14226.0,V,28797.0,O,4928.0,46464.0,776.0,0.0,0.0,0.0,0.0
61.0,0.0,0.0,1,13000.0,V,42000.0,O,54464.0,34464.0,720.0,0.0,80.0,0.0,0.0
51.0,0.0,0.0,1,2230.0,E,24464.0,P,28928.0,0.0,0.0,0.0,928.0,0.0,0.0
59.0,0.0,0.0,1,2000.0,E,24000.0,U,0.0,0.0,160.0,0.0,0.0,0.0,0.0
66.0,0.0,0.0,1,0.0,P,28800.0,P,0.0,0.0,0.0,0.0,0.0,240.0,0.0
50.0,2.0,0.0,1,3000.0,P,19500.0,O,8928.0,0.0,784.0,0.0,120.0,24.0,0.0
67.0,0.0,0.0,1,0.0,M,14400.0,N,0.0,0.0,0.0,0.0,0.0,0.0,1.0
65.0,0.0,0.0,1,0.0,P,21000.0,P,0.0,0.0,320.0,0.0,0.0,40.0,0.0
17.0,0.0,0.0,1,0.0,R,18000.0,O,17856.0,4.0,0.0,0.0,0.0,0.0,1.0
50.0,2.0,0.0,1,0.0,P,21000.0,U,0.0,0.0,484.0,0.0,128.0,0.0,0.0
57.0,0.0,0.0,1,0.0,V,36600.0,O,928.0,54464.0,1200.0,0.0,0.0,0.0,0.0
54.0,0.0,0.0,1,0.0,V,33000.0,F,0.0,0.0,200.0,0.0,0.0,0.0,1.0
42.0,0.0,0.0,1,10000.0,P,34800.0,O,46464.0,20000.0,540.0,0.0,0.0,200.0,0.0
43.0,0.0,0.0,1,0.0,P,15858.0,N,0.0,0.0,0.0,0.0,0.0,96.0,0.0
29.0,0.0,0.0,1,13000.0,V,12000.0,O,23392.0,16000.0,0.0,0.0,0.0,0.0,0.0
11.0,0.0,0.0,1,0.0,R,15000.0,O,28464.0,4.0,0.0,0.0,0.0,0.0,1.0
61.0,1.0,0.0,1,0.0,E,0.0,P,0.0,0.0,0.0,0.0,0.0,0.0,1.0
67.0,0.0,0.0,1,0.0,P,7290.0,P,0.0,0.0,0.0,0.0,0.0,0.0,0.0
21.0,0.0,0.0,1,0.0,R,0.0,O,8928.0,4.0,0.0,140.0,0.0,0.0,1.0
67.0,0.0,0.0,1,0.0,P,19911.0,P,0.0,0.0,0.0,276.0,0.0,0.0,0.0
38.0,1.0,0.0,1,5000.0,P,18000.0,U,0.0,0.0,400.0,440.0,0.0,0.0,1.0
35.0,0.0,0.0,1,0.0,P,28152.0,O,62464.0,36000.0,360.0,224.0,240.0,20.0,0.0
64.0,0.0,0.0,1,0.0,P,24192.0,O,34464.0,0.0,684.0,0.0,204.0,0.0,1.0
62.0,0.0,0.0,1,0.0,P,31812.0,P,0.0,0.0,200.0,0.0,0.0,240.0,0.0
63.0,0.0,0.0,1,0.0,P,27000.0,F,0.0,0.0,0.0,0.0,0.0,0.0,0.0
37.0,1.0,0.0,1,2600.0,P,13500.0,O,37856.0,4.0,0.0,0.0,0.0,0.0,0.0
32.0,0.0,0.0,1,0.0,Z,0.0,U,0.0,0.0,0.0,0.0,400.0,0.0,0.0
64.0,0.0,0.0,1,0.0,T,0.0,P,0.0,0.0,0.0,0.0,0.0,0.0,0.0
36.0,0.0,0.0,1,0.0,W,0.0,O,17856.0,4.0,0.0,0.0,0.0,0.0,1.0
16.0,0.0,0.0,0,0.0,R,0.0,N,0.0,0.0,0.0,0.0,0.0,0.0,1.0
40.0,2.0,0.0,1,0.0,E,30000.0,O,0.0,0.0,0.0,0.0,0.0,0.0,0.0
28.0,0.0,0.0,1,0.0,E,33000.0,O,28928.0,38464.0,1268.0,600.0,0.0,0.0,1.0
29.0,0.0,0.0,1,0.0,V,56400.0,O,28928.0,4000.0,92.0,0.0,0.0,0.0,0.0
63.0,0.0,0.0,1,0.0,P,23700.0,P,0.0,0.0,0.0,320.0,0.0,200.0,0.0
43.0,3.0,0.0,1,6500.0,P,28500.0,U,0.0,0.0,720.0,380.0,0.0,0.0,0.0
24.0,2.0,0.0,1,0.0,V,3884.0,O,37856.0,4.0,0.0,0.0,0.0,0.0,0.0
48.0,1.0,1.0,1,2000.0,V,45900.0,O,36928.0,22464.0,800.0,0.0,0.0,0.0,0.0
10.0,0.0,0.0,1,0.0,R,20250.0,O,17856.0,4.0,0.0,0.0,0.0,0.0,1.0
28.0,0.0,0.0,1,0.0,P,27000.0,O,23392.0,0.0,0.0,0.0,0.0,320.0,0.0
46.0,3.0,0.0,1,0.0,P,30464.0,O,36928.0,34464.0,852.0,560.0,52.0,0.0,0.0
22.0,0.0,0.0,1,5000.0,R,9000.0,O,8928.0,0.0,0.0,0.0,0.0,0.0,1.0
50.0,0.0,0.0,1,0.0,E,15600.0,O,20928.0,32000.0,320.0,0.0,0.0,0.0,1.0
53.0,0.0,0.0,1,0.0,P,60000.0,O,12928.0,26464.0,880.0,0.0,0.0,200.0,0.0
63.0,0.0,0.0,1,0.0,P,24000.0,P,0.0,0.0,0.0,0.0,0.0,0.0,0.0
15.0,0.0,0.0,1,0.0,R,15000.0,O,48928.0,4.0,0.0,0.0,0.0,0.0,0.0
63.0,0.0,0.0,1,0.0,P,30000.0,P,0.0,0.0,0.0,580.0,0.0,0.0,0.0
46.0,1.0,0.0,1,3000.0,E,30000.0,O,3392.0,62464.0,1200.0,0.0,0.0,100.0,1.0
43.0,0.0,0.0,1,0.0,V,9360.0,F,0.0,0.0,408.0,0.0,0.0,0.0,0.0
68.0,0.0,0.0,1,0.0,P,0.0,P,0.0,0.0,0.0,0.0,0.0,60.0,0.0
46.0,2.0,0.0,1,0.0,P,60000.0,O,63392.0,54464.0,824.0,0.0,0.0,200.0,1.0
50.0,1.0,0.0,1,0.0,V,54000.0,O,37856.0,54464.0,1088.0,0.0,0.0,0.0,1.0
44.0,3.0,0.0,1,0.0,V,49167.0,O,12928.0,56000.0,308.0,476.0,0.0,56.0,0.0
34.0,1.0,0.0,1,2000.0,V,36000.0,U,0.0,0.0,96.0,200.0,0.0,0.0,0.0
44.0,0.0,0.0,1,17800.0,P,30000.0,O,37856.0,34464.0,688.0,0.0,0.0,0.0,0.0
60.0,0.0,0.0,1,0.0,V,37800.0,F,0.0,0.0,520.0,400.0,0.0,40.0,0.0
59.0,0.0,0.0,1,0.0,P,45000.0,O,8928.0,54464.0,1176.0,0.0,364.0,0.0,1.0
61.0,0.0,0.0,1,0.0,P,18900.0,N,0.0,0.0,0.0,200.0,0.0,0.0,0.0
68.0,0.0,0.0,1,0.0,P,13500.0,P,0.0,0.0,0.0,0.0,0.0,92.0,0.0
25.0,0.0,0.0,1,0.0,P,57258.0,O,43392.0,4.0,0.0,0.0,1464.0,0.0,0.0
68.0,0.0,0.0,1,0.0,P,8112.0,P,0.0,0.0,0.0,0.0,0.0,0.0,1.0
56.0,0.0,0.0,1,0.0,P,15600.0,F,0.0,0.0,480.0,0.0,0.0,0.0,0.0
24.0,0.0,0.0,1,0.0,Z,13500.0,O,8928.0,4.0,0.0,0.0,0.0,0.0,1.0
41.0,0.0,0.0,1,2500.0,P,16113.0,U,0.0,0.0,640.0,552.0,0.0,0.0,0.0
65.0,0.0,0.0,1,0.0,P,25500.0,F,0.0,0.0,480.0,0.0,0.0,0.0,0.0
42.0,0.0,0.0,0,0.0,P,12000.0,P,0.0,0.0,0.0,0.0,0.0,0.0,1.0
61.0,0.0,0.0,1,0.0,P,27540.0,O,50464.0,0.0,984.0,0.0,160.0,0.0,0.0
39.0,2.0,0.0,1,15000.0,W,0.0,O,43392.0,4.0,0.0,0.0,0.0,80.0,1.0
26.0,0.0,0.0,1,0.0,R,10500.0,U,0.0,0.0,368.0,0.0,0.0,0.0,1.0
64.0,0.0,0.0,1,0.0,V,30870.0,P,0.0,0.0,0.0,0.0,0.0,0.0,0.0
31.0,0.0,0.0,1,0.0,V,40500.0,O,14464.0,0.0,0.0,0.0,0.0,0.0,0.0
60.0,2.0,0.0,1,10000.0,V,18264.0,O,14464.0,0.0,348.0,0.0,340.0,0.0,1.0
66.0,0.0,0.0,1,0.0,P,13500.0,P,0.0,0.0,320.0,0.0,0.0,0.0,0.0
9.0,0.0,0.0,1,0.0,R,0.0,O,0.0,0.0,0.0,0.0,0.0,0.0,0.0
67.0,0.0,0.0,1,0.0,T,0.0,P,0.0,0.0,0.0,0.0,0.0,0.0,0.0
28.0,0.0,0.0,1,0.0,P,14400.0,O,62464.0,0.0,0.0,0.0,0.0,0.0,0.0
11.0,0.0,0.0,1,2910.0,R,20700.0,O,46464.0,4.0,0.0,0.0,448.0,0.0,0.0
47.0,1.0,0.0,1,0.0,P,27000.0,U,0.0,0.0,576.0,388.0,0.0,0.0,0.0
63.0,0.0,0.0,1,0.0,V,23460.0,F,0.0,0.0,800.0,200.0,0.0,0.0,0.0
65.0,0.0,0.0,1,0.0,V,16500.0,P,0.0,0.0,0.0,0.0,0.0,0.0,0.0
55.0,2.0,0.0,1,4320.0,P,21600.0,O,46464.0,46464.0,744.0,440.0,0.0,0.0,1.0
41.0,0.0,0.0,1,0.0,V,37620.0,O,928.0,33988.0,0.0,420.0,0.0,160.0,0.0
62.0,0.0,0.0,0,0.0,V,18033.0,O,54000.0,38000.0,296.0,0.0,56.0,80.0,0.0
62.0,0.0,0.0,0,0.0,V,24327.0,P,0.0,0.0,280.0,148.0,0.0,40.0,0.0
35.0,0.0,0.0,1,2000.0,P,27000.0,U,0.0,0.0,400.0,0.0,120.0,0.0,0.0
62.0,0.0,0.0,1,0.0,V,32769.0,O,25464.0,22064.0,640.0,0.0,0.0,0.0,0.0
67.0,0.0,0.0,1,0.0,P,12300.0,P,0.0,0.0,0.0,0.0,0.0,0.0,0.0
60.0,0.0,0.0,1,8500.0,V,40800.0,O,2928.0,53264.0,960.0,0.0,0.0,0.0,0.0
58.0,1.0,0.0,0,14000.0,N,9000.0,O,8928.0,0.0,0.0,0.0,0.0,0.0,1.0
27.0,0.0,0.0,1,768.0,R,0.0,F,0.0,0.0,184.0,0.0,0.0,0.0,1.0
42.0,1.0,0.0,1,0.0,E,25500.0,O,54464.0,57600.0,424.0,0.0,0.0,0.0,1.0
30.0,0.0,0.0,1,2800.0,E,14400.0,O,64000.0,32800.0,268.0,0.0,0.0,0.0,1.0
58.0,0.0,0.0,1,0.0,P,27000.0,P,0.0,0.0,0.0,232.0,0.0,0.0,0.0
38.0,3.0,0.0,1,15000.0,P,5760.0,O,63392.0,34464.0,744.0,0.0,0.0,0.0,0.0
63.0,0.0,0.0,1,0.0,V,19500.0,F,0.0,0.0,0.0,0.0,0.0,0.0,0.0
60.0,1.0,0.0,1,0.0,P,24000.0,O,42464.0,24464.0,800.0,0.0,440.0,0.0,0.0
33.0,0.0,0.0,1,14000.0,V,51000.0,O,14464.0,0.0,0.0,0.0,0.0,0.0,0.0
32.0,0.0,0.0,1,0.0,R,16200.0,P,0.0,0.0,0.0,0.0,0.0,0.0,0.0
67.0,0.0,0.0,1,0.0,P,19347.0,P,0.0,0.0,0.0,0.0,0.0,0.0,0.0
68.0,0.0,0.0,1,0.0,T,5400.0,P,0.0,0.0,0.0,0.0,0.0,0.0,1.0
61.0,0.0,0.0,1,8200.0,P,36000.0,O,38464.0,26464.0,704.0,0.0,548.0,0.0,0.0
54.0,1.0,0.0,1,0.0,P,53208.0,O,1392.0,14464.0,800.0,420.0,0.0,200.0,0.0
40.0,3.0,0.0,1,0.0,V,9014.0,O,9856.0,14464.0,0.0,0.0,0.0,0.0,0.0
47.0,2.0,0.0,1,0.0,P,19500.0,U,0.0,0.0,0.0,0.0,0.0,0.0,0.0
45.0,1.0,0.0,1,0.0,V,45600.0,O,3392.0,24928.0,1388.0,500.0,0.0,0.0,0.0
18.0,0.0,0.0,1,0.0,E,27000.0,O,21248.0,28000.0,240.0,0.0,0.0,0.0,0.0
62.0,0.0,0.0,0,0.0,P,22500.0,F,0.0,0.0,120.0,0.0,0.0,0.0,1.0
66.0,0.0,0.0,0,0.0,T,0.0,N,0.0,0.0,320.0,0.0,0.0,0.0,1.0
50.0,2.0,0.0,1,2200.0,V,45000.0,O,8928.0,7264.0,492.0,316.0,0.0,40.0,0.0
27.0,0.0,0.0,1,0.0,R,0.0,O,23392.0,4.0,0.0,200.0,0.0,0.0,1.0
64.0,0.0,0.0,1,0.0,P,22500.0,N,0.0,0.0,320.0,400.0,0.0,0.0,0.0
60.0,0.0,0.0,0,0.0,V,20100.0,P,0.0,0.0,480.0,216.0,0.0,0.0,0.0
59.0,0.0,0.0,1,0.0,V,30699.0,P,0.0,0.0,0.0,0.0,0.0,0.0,0.0
48.0,2.0,1.0,1,0.0,P,14864.0,O,23392.0,26464.0,528.0,0.0,0.0,0.0,0.0
30.0,0.0,0.0,1,0.0,V,12000.0,U,0.0,0.0,0.0,0.0,0.0,0.0,0.0
46.0,2.0,0.0,1,0.0,B,36464.0,O,63392.0,34464.0,960.0,0.0,0.0,1200.0,0.0
60.0,0.0,0.0,0,0.0,U,14400.0,P,0.0,0.0,160.0,0.0,0.0,0.0,0.0
62.0,0.0,0.0,1,0.0,P,15000.0,P,0.0,0.0,0.0,0.0,0.0,0.0,0.0
68.0,0.0,0.0,1,0.0,T,0.0,P,0.0,0.0,0.0,0.0,0.0,0.0,0.0
29.0,0.0,0.0,1,2488.0,P,31500.0,O,28928.0,16000.0,320.0,500.0,0.0,80.0,0.0
42.0,0.0,0.0,1,0.0,E,30000.0,O,43392.0,22464.0,800.0,372.0,0.0,0.0,0.0
49.0,4.0,0.0,1,0.0,W,15660.0,O,18464.0,40000.0,340.0,0.0,0.0,0.0,0.0
46.0,2.0,0.0,1,2800.0,P,61500.0,O,48928.0,40000.0,320.0,0.0,0.0,400.0,0.0
54.0,0.0,0.0,1,0.0,E,60000.0,U,0.0,0.0,408.0,0.0,0.0,0.0,0.0
65.0,0.0,0.0,0,0.0,V,18000.0,U,0.0,0.0,288.0,0.0,0.0,0.0,0.0
38.0,0.0,0.0,1,0.0,P,27000.0,U,0.0,0.0,0.0,0.0,0.0,0.0,1.0
64.0,0.0,0.0,1,0.0,V,36000.0,P,0.0,0.0,0.0,0.0,0.0,0.0,0.0
60.0,0.0,0.0,1,0.0,B,25500.0,F,0.0,0.0,520.0,0.0,0.0,0.0,1.0
58.0,0.0,0.0,1,5600.0,P,36600.0,O,62464.0,33264.0,760.0,120.0,0.0,0.0,0.0
67.0,0.0,0.0,1,0.0,V,12537.0,P,0.0,0.0,400.0,0.0,0.0,0.0,0.0
35.0,1.0,0.0,1,7367.0,P,18087.0,U,0.0,0.0,0.0,0.0,0.0,0.0,0.0
65.0,0.0,0.0,1,0.0,V,26400.0,F,0.0,0.0,320.0,0.0,0.0,0.0,0.0
49.0,4.0,0.0,1,1500.0,P,30000.0,O,43392.0,14464.0,0.0,0.0,0.0,0.0,0.0
63.0,0.0,0.0,1,0.0,P,21000.0,P,0.0,0.0,640.0,0.0,0.0,0.0,0.0
11.0,0.0,0.0,1,0.0,R,0.0,O,12928.0,4.0,0.0,0.0,0.0,0.0,1.0
42.0,0.0,0.0,1,0.0,V,19092.0,O,0.0,0.0,0.0,216.0,0.0,0.0,0.0
29.0,0.0,0.0,1,11649.0,P,45000.0,O,28928.0,26000.0,820.0,300.0,0.0,0.0,0.0
69.0,0.0,0.0,1,0.0,T,0.0,P,0.0,0.0,0.0,0.0,0.0,0.0,1.0
54.0,3.0,0.0,1,0.0,E,37856.0,O,28032.0,4.0,0.0,0.0,0.0,0.0,0.0
18.0,0.0,0.0,1,2461.0,R,16131.0,O,46464.0,4.0,0.0,0.0,0.0,0.0,0.0
57.0,1.0,1.0,1,0.0,P,27000.0,U,0.0,0.0,520.0,0.0,0.0,0.0,0.0
49.0,0.0,0.0,1,0.0,V,46500.0,O,54464.0,10464.0,640.0,0.0,0.0,0.0,0.0
18.0,2.0,0.0,1,0.0,R,0.0,O,17856.0,0.0,0.0,0.0,0.0,0.0,0.0
46.0,0.0,0.0,1,0.0,E,43200.0,O,54464.0,24000.0,340.0,0.0,0.0,0.0,0.0
62.0,1.0,0.0,1,0.0,E,9360.0,O,0.0,0.0,0.0,0.0,0.0,0.0,1.0
64.0,0.0,0.0,1,0.0,P,0.0,P,0.0,0.0,0.0,0.0,0.0,0.0,0.0
27.0,0.0,0.0,1,0.0,P,20700.0,O,46464.0,11000.0,192.0,236.0,0.0,0.0,0.0
41.0,2.0,0.0,1,3000.0,P,31500.0,O,8928.0,34000.0,240.0,0.0,0.0,0.0,0.0
55.0,0.0,0.0,1,0.0,V,43632.0,O,2928.0,34464.0,684.0,0.0,328.0,300.0,0.0
40.0,0.0,0.0,1,30000.0,W,0.0,O,32320.0,54464.0,0.0,0.0,0.0,0.0,0.0
37.0,0.0,0.0,1,0.0,P,54464.0,O,6784.0,4.0,0.0,0.0,0.0,0.0,0.0
30.0,0.0,0.0,1,0.0,P,30000.0,O,34464.0,4.0,0.0,0.0,52.0,0.0,1.0
66.0,0.0,0.0,1,0.0,T,0.0,P,0.0,0.0,0.0,0.0,0.0,0.0,1.0
64.0,0.0,0.0,1,0.0,B,19290.0,P,0.0,0.0,0.0,0.0,32.0,0.0,0.0
58.0,2.0,0.0,1,0.0,W,0.0,U,0.0,0.0,0.0,0.0,0.0,0.0,1.0
30.0,1.0,0.0,1,300.0,P,27000.0,O,13568.0,20000.0,200.0,0.0,0.0,240.0,1.0
67.0,0.0,0.0,1,0.0,P,6024.0,P,16000.0,6000.0,0.0,0.0,0.0,0.0,1.0
40.0,1.0,0.0,1,5227.0,P,11733.0,U,0.0,0.0,280.0,184.0,76.0,0.0,0.0
22.0,0.0,0.0,1,2200.0,E,58500.0,O,56928.0,36.0,0.0,0.0,0.0,0.0,1.0
63.0,0.0,0.0,1,0.0,P,14820.0,P,0.0,0.0,320.0,140.0,0.0,0.0,1.0
69.0,0.0,0.0,1,0.0,P,15000.0,P,0.0,0.0,0.0,0.0,0.0,40.0,0.0
29.0,0.0,0.0,1,0.0,V,15000.0,O,61248.0,54464.0,0.0,0.0,0.0,0.0,0.0
35.0,0.0,0.0,1,0.0,E,18000.0,P,0.0,0.0,0.0,0.0,0.0,0.0,0.0
56.0,2.0,1.0,1,0.0,E,36000.0,O,28464.0,2464.0,588.0,108.0,0.0,0.0,1.0
46.0,1.0,0.0,1,5000.0,W,5850.0,U,0.0,0.0,0.0,0.0,0.0,0.0,0.0
64.0,0.0,0.0,1,0.0,E,0.0,P,0.0,0.0,0.0,0.0,400.0,0.0,1.0
41.0,1.0,0.0,1,4000.0,P,33000.0,U,0.0,0.0,552.0,280.0,0.0,160.0,1.0
55.0,0.0,0.0,1,0.0,P,46562.0,F,0.0,0.0,0.0,0.0,0.0,0.0,0.0
51.0,0.0,0.0,1,0.0,P,55131.0,O,32320.0,48928.0,1600.0,0.0,0.0,0.0,0.0
68.0,0.0,0.0,1,0.0,P,7200.0,P,0.0,0.0,80.0,0.0,0.0,0.0,1.0
53.0,0.0,0.0,1,14700.0,V,44100.0,O,8928.0,34464.0,704.0,624.0,0.0,0.0,0.0
69.0,0.0,0.0,1,0.0,P,7488.0,P,0.0,0.0,0.0,0.0,0.0,0.0,0.0
63.0,0.0,0.0,1,0.0,V,18000.0,P,0.0,0.0,0.0,0.0,0.0,0.0,0.0
52.0,0.0,0.0,1,15000.0,P,30000.0,O,23392.0,26464.0,664.0,0.0,0.0,80.0,0.0
52.0,0.0,0.0,1,7000.0,P,39000.0,O,57856.0,4928.0,1000.0,560.0,360.0,180.0,0.0
59.0,0.0,0.0,0,0.0,M,30000.0,O,60464.0,0.0,480.0,428.0,0.0,0.0,0.0
34.0,0.0,0.0,1,9000.0,P,24000.0,U,0.0,0.0,468.0,400.0,0.0,0.0,0.0
58.0,0.0,0.0,1,9600.0,W,0.0,O,46464.0,12464.0,604.0,0.0,0.0,0.0,0.0
68.0,0.0,0.0,1,0.0,V,15900.0,P,0.0,0.0,0.0,0.0,0.0,0.0,0.0
42.0,0.0,1.0,1,12000.0,M,7964.0,U,0.0,0.0,800.0,0.0,0.0,0.0,0.0
51.0,3.0,0.0,1,0.0,P,51000.0,O,12320.0,4928.0,1108.0,0.0,0.0,0.0,0.0
38.0,0.0,0.0,1,5600.0,V,42000.0,O,20928.0,4.0,0.0,0.0,0.0,0.0,0.0
66.0,0.0,0.0,1,0.0,P,22200.0,F,0.0,0.0,352.0,0.0,0.0,0.0,0.0
53.0,0.0,1.0,1,0.0,P,9464.0,O,57856.0,54464.0,1000.0,0.0,0.0,0.0,0.0
14.0,0.0,0.0,1,0.0,R,0.0,U,0.0,0.0,584.0,0.0,0.0,0.0,1.0
56.0,0.0,0.0,1,0.0,V,33000.0,P,0.0,0.0,0.0,920.0,0.0,0.0,1.0
55.0,2.0,0.0,1,0.0,V,31500.0,O,60928.0,54464.0,960.0,0.0,0.0,0.0,0.0
18.0,0.0,0.0,0,0.0,R,0.0,O,14464.0,4.0,0.0,0.0,0.0,0.0,1.0
62.0,0.0,0.0,1,0.0,P,21000.0,P,0.0,0.0,0.0,0.0,0.0,0.0,0.0
8.0,0.0,0.0,1,0.0,R,0.0,U,0.0,0.0,0.0,0.0,0.0,0.0,1.0
60.0,0.0,0.0,1,0.0,T,0.0,P,0.0,0.0,0.0,0.0,0.0,0.0,1.0
61.0,2.0,0.0,1,0.0,P,16500.0,N,0.0,0.0,0.0,0.0,0.0,0.0,1.0
66.0,0.0,0.0,1,0.0,T,6000.0,P,0.0,0.0,160.0,0.0,0.0,0.0,0.0
18.0,0.0,0.0,1,2000.0,R,24000.0,O,3392.0,0.0,0.0,0.0,0.0,0.0,0.0
62.0,1.0,0.0,1,0.0,P,19500.0,F,0.0,0.0,388.0,0.0,0.0,0.0,0.0
64.0,0.0,0.0,0,0.0,P,20100.0,F,0.0,0.0,480.0,0.0,0.0,0.0,1.0
40.0,2.0,0.0,1,0.0,V,64800.0,O,17856.0,48000.0,368.0,0.0,0.0,0.0,1.0
65.0,0.0,0.0,1,0.0,T,5538.0,P,0.0,0.0,400.0,0.0,0.0,0.0,0.0
66.0,0.0,0.0,0,0.0,P,13800.0,F,0.0,0.0,272.0,0.0,0.0,32.0,0.0
61.0,0.0,0.0,1,0.0,P,33000.0,O,38464.0,24064.0,764.0,0.0,0.0,60.0,0.0
42.0,1.0,0.0,1,7000.0,E,9000.0,O,20928.0,22464.0,880.0,0.0,0.0,0.0,1.0
28.0,0.0,0.0,1,0.0,R,0.0,N,0.0,0.0,0.0,0.0,0.0,0.0,0.0
56.0,0.0,0.0,1,0.0,P,24900.0,U,0.0,0.0,0.0,0.0,552.0,0.0,0.0
55.0,0.0,0.0,1,0.0,P,29700.0,F,0.0,0.0,260.0,0.0,0.0,0.0,0.0
22.0,0.0,0.0,1,0.0,R,45000.0,O,3392.0,9600.0,1240.0,0.0,0.0,160.0,0.0
41.0,1.0,0.0,1,0.0,E,0.0,U,0.0,0.0,368.0,0.0,0.0,0.0,1.0
51.0,2.0,0.0,1,2000.0,P,24000.0,O,8928.0,40000.0,368.0,200.0,0.0,0.0,1.0
55.0,1.0,0.0,1,0.0,E,9464.0,O,63392.0,23392.0,1400.0,0.0,0.0,0.0,1.0
37.0,0.0,1.0,1,0.0,M,13964.0,O,40928.0,28928.0,1520.0,656.0,0.0,0.0,0.0
42.0,0.0,0.0,1,1230.0,P,39000.0,O,54464.0,40000.0,0.0,0.0,0.0,0.0,1.0
62.0,0.0,0.0,1,8725.0,V,27969.0,O,26464.0,21864.0,688.0,320.0,0.0,260.0,0.0
61.0,0.0,0.0,1,2000.0,P,45000.0,O,62464.0,46464.0,840.0,0.0,580.0,0.0,0.0
43.0,3.0,0.0,1,1872.0,P,21000.0,U,0.0,0.0,388.0,0.0,100.0,0.0,1.0
58.0,2.0,0.0,1,0.0,B,45000.0,O,17856.0,52464.0,800.0,0.0,0.0,0.0,0.0
42.0,3.0,0.0,1,1680.0,B,24000.0,O,3392.0,46000.0,292.0,0.0,0.0,0.0,1.0
66.0,0.0,0.0,1,0.0,E,0.0,P,0.0,0.0,0.0,0.0,0.0,0.0,0.0
60.0,0.0,0.0,0,0.0,V,19323.0,N,0.0,0.0,0.0,0.0,0.0,0.0,1.0
62.0,0.0,0.0,1,0.0,P,15000.0,P,0.0,0.0,340.0,0.0,0.0,0.0,0.0
56.0,0.0,0.0,1,0.0,E,18000.0,P,0.0,0.0,0.0,0.0,0.0,0.0,1.0
41.0,2.0,0.0,1,0.0,P,27000.0,U,0.0,0.0,580.0,100.0,56.0,0.0,0.0
63.0,0.0,0.0,1,0.0,E,15000.0,P,0.0,0.0,240.0,0.0,0.0,200.0,0.0
66.0,0.0,0.0,1,0.0,P,17010.0,P,0.0,0.0,0.0,0.0,0.0,120.0,0.0
64.0,0.0,0.0,1,0.0,P,24300.0,P,0.0,0.0,200.0,160.0,0.0,0.0,1.0
52.0,0.0,0.0,1,11500.0,V,36000.0,O,60464.0,60464.0,0.0,480.0,776.0,0.0,0.0
43.0,2.0,0.0,1,0.0,P,57000.0,O,48928.0,44000.0,320.0,620.0,0.0,320.0,0.0
10.0,1.0,0.0,1,0.0,R,22500.0,O,6928.0,4.0,0.0,0.0,0.0,0.0,0.0
67.0,0.0,0.0,1,0.0,P,13800.0,P,0.0,0.0,480.0,116.0,0.0,0.0,1.0
61.0,0.0,0.0,1,0.0,P,19500.0,P,0.0,0.0,400.0,0.0,0.0,0.0,0.0
59.0,0.0,0.0,1,0.0,P,9464.0,F,0.0,0.0,0.0,0.0,0.0,0.0,0.0
52.0,2.0,0.0,1,1000.0,P,9464.0,O,16960.0,54464.0,1200.0,0.0,0.0,0.0,0.0
57.0,1.0,0.0,1,0.0,W,0.0,O,32928.0,0.0,0.0,0.0,0.0,0.0,1.0
3.0,0.0,0.0,1,0.0,R,0.0,O,28928.0,4.0,0.0,0.0,0.0,0.0,1.0
57.0,1.0,0.0,1,0.0,P,16200.0,O,2992.0,14928.0,0.0,0.0,0.0,0.0,0.0
23.0,0.0,0.0,1,0.0,P,60000.0,N,0.0,0.0,0.0,0.0,0.0,0.0,0.0
62.0,2.0,0.0,1,0.0,E,20160.0,O,34464.0,32464.0,720.0,0.0,0.0,0.0,1.0
67.0,0.0,0.0,1,0.0,T,5400.0,P,0.0,0.0,0.0,0.0,0.0,0.0,1.0
58.0,0.0,0.0,1,10300.0,P,54000.0,O,63392.0,18464.0,560.0,560.0,0.0,0.0,0.0
27.0,0.0,0.0,1,10192.0,W,0.0,O,8928.0,4.0,0.0,0.0,0.0,0.0,1.0
57.0,1.0,0.0,0,4500.0,P,22500.0,U,0.0,0.0,320.0,56.0,0.0,0.0,0.0
56.0,2.0,0.0,1,0.0,P,54000.0,O,22464.0,54800.0,500.0,0.0,0.0,120.0,0.0
60.0,0.0,0.0,1,0.0,P,30000.0,P,0.0,0.0,0.0,800.0,0.0,0.0,0.0
63.0,0.0,0.0,1,0.0,P,31500.0,O,44464.0,39464.0,840.0,0.0,0.0,0.0,0.0
63.0,0.0,0.0,1,0.0,V,20043.0,F,0.0,0.0,400.0,0.0,0.0,0.0,1.0
15.0,0.0,0.0,1,0.0,R,39000.0,O,48928.0,4.0,0.0,0.0,0.0,0.0,1.0
69.0,0.0,0.0,1,0.0,T,0.0,P,0.0,0.0,0.0,0.0,0.0,0.0,0.0
52.0,2.0,0.0,1,0.0,P,50256.0,O,30464.0,0.0,540.0,200.0,0.0,0.0,0.0
64.0,0.0,0.0,1,0.0,V,19818.0,F,0.0,0.0,280.0,0.0,0.0,0.0,0.0
50.0,0.0,0.0,1,0.0,V,15588.0,O,0.0,0.0,0.0,0.0,0.0,0.0,0.0
42.0,1.0,0.0,1,20000.0,W,0.0,N,0.0,0.0,0.0,0.0,0.0,0.0,0.0
49.0,2.0,0.0,1,2300.0,E,36000.0,O,8928.0,48000.0,348.0,680.0,0.0,0.0,0.0
63.0,0.0,0.0,1,0.0,U,0.0,P,0.0,0.0,0.0,0.0,0.0,0.0,0.0
62.0,2.0,0.0,0,8500.0,V,24000.0,U,0.0,0.0,380.0,0.0,0.0,0.0,0.0
63.0,0.0,0.0,1,7000.0,E,36000.0,O,22464.0,2464.0,320.0,0.0,0.0,0.0,0.0
63.0,0.0,0.0,1,0.0,P,20100.0,P,0.0,0.0,400.0,0.0,0.0,0.0,0.0
12.0,0.0,0.0,1,0.0,R,0.0,O,54464.0,4.0,0.0,0.0,0.0,0.0,1.0
47.0,0.0,0.0,1,0.0,P,12464.0,O,17856.0,44000.0,364.0,1040.0,0.0,0.0,1.0
48.0,3.0,0.0,1,0.0,P,9464.0,F,0.0,0.0,1000.0,0.0,0.0,0.0,0.0
19.0,0.0,1.0,1,0.0,R,0.0,O,0.0,0.0,0.0,0.0,0.0,0.0,0.0
59.0,0.0,0.0,1,13000.0,P,25500.0,O,30464.0,0.0,680.0,0.0,0.0,400.0,0.0
24.0,0.0,0.0,1,0.0,V,10311.0,U,0.0,0.0,448.0,0.0,0.0,0.0,0.0
65.0,0.0,0.0,1,0.0,P,18000.0,F,0.0,0.0,0.0,0.0,0.0,800.0,0.0
47.0,0.0,0.0,1,0.0,V,14976.0,O,0.0,0.0,0.0,320.0,0.0,0.0,0.0
67.0,0.0,0.0,1,0.0,P,12000.0,P,0.0,0.0,160.0,200.0,0.0,0.0,0.0
34.0,0.0,0.0,1,0.0,P,0.0,O,4464.0,0.0,180.0,0.0,0.0,0.0,1.0
60.0,0.0,0.0,1,6500.0,V,24000.0,O,0.0,0.0,468.0,240.0,0.0,0.0,1.0
40.0,1.0,0.0,1,0.0,E,37440.0,O,54464.0,34464.0,760.0,436.0,312.0,0.0,1.0
69.0,0.0,0.0,1,0.0,T,5400.0,P,0.0,0.0,0.0,0.0,0.0,0.0,1.0
18.0,0.0,0.0,1,0.0,R,0.0,U,0.0,0.0,192.0,0.0,0.0,0.0,1.0
51.0,2.0,0.0,1,2000.0,P,30000.0,O,8928.0,38464.0,740.0,160.0,120.0,20.0,0.0
59.0,0.0,0.0,1,0.0,P,18300.0,O,22464.0,22464.0,568.0,0.0,0.0,0.0,1.0
62.0,0.0,0.0,1,0.0,P,30000.0,P,0.0,0.0,0.0,0.0,0.0,0.0,0.0
36.0,0.0,0.0,1,0.0,V,40392.0,O,12320.0,0.0,1760.0,372.0,76.0,280.0,0.0
67.0,0.0,0.0,1,0.0,P,18756.0,F,0.0,0.0,440.0,0.0,0.0,0.0,0.0
64.0,0.0,0.0,1,0.0,V,22500.0,F,0.0,0.0,480.0,0.0,0.0,0.0,0.0
53.0,3.0,0.0,1,10000.0,P,13500.0,O,54464.0,26464.0,640.0,700.0,0.0,0.0,0.0
31.0,0.0,0.0,1,0.0,V,0.0,P,0.0,0.0,0.0,0.0,0.0,0.0,1.0
39.0,0.0,0.0,1,0.0,V,23232.0,U,0.0,0.0,412.0,0.0,0.0,0.0,0.0
47.0,2.0,0.0,0,3000.0,P,42000.0,O,14464.0,26000.0,244.0,0.0,200.0,0.0,0.0
64.0,0.0,0.0,0,0.0,P,21000.0,F,0.0,0.0,424.0,0.0,0.0,0.0,0.0
19.0,0.0,0.0,1,0.0,R,0.0,U,0.0,0.0,68.0,0.0,0.0,0.0,0.0
41.0,5.0,0.0,1,0.0,N,60000.0,O,0.0,0.0,0.0,0.0,0.0,0.0,0.0
99.0,2.0,0.0,1,11070.0,P,36000.0,O,35392.0,28928.0,1576.0,0.0,0.0,1600.0,0.0
30.0,0.0,0.0,1,0.0,P,13800.0,O,17856.0,0.0,0.0,0.0,0.0,0.0,0.0
54.0,2.0,0.0,1,0.0,W,0.0,U,0.0,0.0,0.0,0.0,0.0,0.0,1.0
58.0,0.0,0.0,1,0.0,V,25800.0,F,0.0,0.0,0.0,0.0,1196.0,0.0,0.0
59.0,0.0,0.0,1,17000.0,V,21000.0,O,28928.0,0.0,0.0,0.0,0.0,0.0,1.0
52.0,0.0,0.0,1,0.0,P,28575.0,O,48464.0,0.0,800.0,0.0,0.0,200.0,0.0
59.0,0.0,0.0,1,0.0,P,25350.0,P,0.0,0.0,0.0,0.0,0.0,0.0,0.0
41.0,2.0,0.0,1,20000.0,V,18000.0,O,63392.0,62000.0,440.0,620.0,0.0,0.0,0.0
39.0,1.0,0.0,1,2000.0,P,54000.0,O,37856.0,40000.0,480.0,0.0,0.0,0.0,0.0
18.0,0.0,0.0,0,0.0,R,8742.0,U,0.0,0.0,380.0,0.0,0.0,120.0,0.0
57.0,2.0,0.0,1,23000.0,W,0.0,O,3392.0,28928.0,0.0,0.0,0.0,0.0,0.0
43.0,1.0,1.0,1,0.0,V,51000.0,O,23392.0,4.0,0.0,440.0,120.0,0.0,0.0
50.0,2.0,0.0,1,0.0,E,36000.0,O,48928.0,0.0,0.0,0.0,0.0,0.0,0.0
33.0,0.0,0.0,1,0.0,R,18000.0,U,0.0,0.0,248.0,0.0,0.0,0.0,0.0
67.0,0.0,0.0,1,0.0,P,12516.0,P,0.0,0.0,0.0,0.0,0.0,0.0,0.0
69.0,0.0,0.0,0,0.0,P,13500.0,O,38464.0,4.0,0.0,0.0,0.0,0.0,1.0
62.0,1.0,0.0,1,0.0,V,36600.0,U,28928.0,0.0,0.0,428.0,80.0,80.0,0.0
42.0,2.0,0.0,1,0.0,E,0.0,U,0.0,0.0,0.0,0.0,0.0,0.0,0.0
68.0,0.0,0.0,0,0.0,T,0.0,P,0.0,0.0,0.0,0.0,0.0,0.0,0.0
31.0,0.0,0.0,1,2704.0,P,18204.0,U,0.0,0.0,424.0,0.0,408.0,0.0,1.0
48.0,0.0,0.0,1,0.0,P,35271.0,O,54464.0,52000.0,380.0,0.0,0.0,0.0,1.0
51.0,0.0,0.0,1,0.0,M,45000.0,O,51392.0,28928.0,1888.0,0.0,0.0,0.0,0.0
60.0,2.0,0.0,1,4500.0,W,0.0,O,8928.0,59200.0,600.0,80.0,0.0,0.0,0.0
26.0,2.0,0.0,1,10000.0,W,0.0,O,21856.0,4.0,0.0,0.0,0.0,0.0,1.0
33.0,0.0,0.0,1,0.0,P,15990.0,U,0.0,0.0,0.0,0.0,0.0,0.0,1.0
30.0,0.0,0.0,1,0.0,R,13140.0,O,28928.0,0.0,0.0,0.0,0.0,0.0,1.0
68.0,0.0,0.0,0,6000.0,V,18000.0,F,0.0,0.0,600.0,0.0,160.0,0.0,1.0
69.0,0.0,0.0,1,0.0,T,0.0,P,0.0,0.0,0.0,0.0,0.0,0.0,0.0
66.0,0.0,0.0,1,0.0,P,11232.0,P,0.0,0.0,0.0,0.0,0.0,0.0,0.0
99.0,0.0,0.0,0,0.0,Z,0.0,N,0.0,0.0,0.0,0.0,0.0,0.0,1.0
64.0,0.0,0.0,1,0.0,T,0.0,F,0.0,0.0,1000.0,0.0,0.0,0.0,1.0
34.0,2.0,0.0,1,0.0,E,11520.0,O,14464.0,4.0,0.0,0.0,0.0,0.0,1.0
40.0,0.0,0.0,1,1800.0,P,30000.0,O,26464.0,0.0,368.0,0.0,0.0,0.0,1.0
44.0,2.0,0.0,1,0.0,E,15000.0,O,35392.0,4.0,0.0,0.0,0.0,0.0,0.0
66.0,0.0,0.0,1,0.0,P,26406.0,P,0.0,0.0,0.0,0.0,0.0,0.0,0.0
34.0,0.0,0.0,1,0.0,Z,0.0,N,0.0,0.0,0.0,0.0,0.0,0.0,1.0
60.0,0.0,0.0,0,6000.0,N,18000.0,O,48928.0,4.0,0.0,0.0,0.0,0.0,0.0
58.0,2.0,0.0,1,6000.0,E,18000.0,O,0.0,0.0,0.0,0.0,0.0,0.0,1.0
68.0,0.0,0.0,1,0.0,P,15000.0,P,0.0,0.0,0.0,640.0,0.0,0.0,0.0
68.0,0.0,0.0,1,0.0,T,0.0,F,0.0,0.0,120.0,0.0,0.0,0.0,0.0
56.0,0.0,0.0,1,0.0,N,0.0,U,0.0,0.0,1400.0,0.0,0.0,0.0,0.0
24.0,0.0,0.0,1,0.0,R,60000.0,N,32320.0,4.0,0.0,0.0,0.0,0.0,1.0
30.0,0.0,0.0,1,3776.0,V,30000.0,O,60000.0,27720.0,372.0,0.0,0.0,0.0,0.0
12.0,0.0,0.0,1,0.0,R,0.0,O,14464.0,4.0,0.0,0.0,0.0,0.0,1.0
21.0,0.0,0.0,1,0.0,E,54000.0,O,43392.0,4.0,0.0,0.0,0.0,0.0,0.0
69.0,0.0,0.0,1,0.0,T,0.0,P,0.0,0.0,0.0,0.0,0.0,0.0,1.0
62.0,0.0,0.0,1,0.0,P,12000.0,P,0.0,0.0,0.0,48.0,60.0,0.0,0.0
68.0,0.0,0.0,1,0.0,T,0.0,P,0.0,0.0,0.0,0.0,0.0,0.0,0.0
46.0,0.0,0.0,1,7000.0,E,15000.0,O,8928.0,30464.0,672.0,0.0,0.0,40.0,0.0
46.0,3.0,0.0,1,1900.0,V,34500.0,U,0.0,0.0,0.0,744.0,0.0,120.0,1.0
14.0,0.0,0.0,1,0.0,R,0.0,O,0.0,0.0,0.0,0.0,0.0,0.0,0.0
33.0,0.0,0.0,1,5045.0,E,0.0,U,0.0,0.0,440.0,436.0,0.0,0.0,0.0
40.0,3.0,0.0,1,7500.0,V,37500.0,O,3392.0,34464.0,0.0,0.0,0.0,0.0,1.0
9.0,0.0,0.0,0,0.0,R,0.0,O,43392.0,4.0,0.0,0.0,0.0,0.0,1.0
52.0,2.0,0.0,1,2500.0,P,22500.0,O,928.0,6464.0,536.0,160.0,0.0,0.0,0.0
61.0,0.0,0.0,1,8000.0,P,12600.0,U,0.0,0.0,420.0,104.0,0.0,100.0,0.0
54.0,0.0,0.0,1,0.0,P,23100.0,O,12928.0,0.0,0.0,0.0,0.0,120.0,1.0
54.0,1.0,0.0,1,2500.0,P,30000.0,O,22464.0,18464.0,420.0,0.0,60.0,0.0,0.0
43.0,0.0,0.0,1,4500.0,P,33000.0,O,48928.0,30464.0,660.0,0.0,0.0,200.0,0.0
64.0,0.0,0.0,1,0.0,V,24327.0,P,0.0,0.0,320.0,0.0,0.0,0.0,0.0
66.0,0.0,0.0,1,0.0,U,0.0,P,46784.0,0.0,0.0,224.0,0.0,80.0,1.0
62.0,0.0,0.0,1,0.0,P,24600.0,P,0.0,0.0,0.0,264.0,0.0,60.0,0.0
69.0,0.0,0.0,1,0.0,T,0.0,P,0.0,0.0,0.0,0.0,0.0,0.0,0.0
55.0,2.0,0.0,1,0.0,P,0.0,N,0.0,0.0,480.0,0.0,0.0,0.0,1.0
52.0,2.0,0.0,1,1955.0,P,33000.0,O,8928.0,22464.0,580.0,316.0,40.0,48.0,0.0
99.0,0.0,0.0,1,0.0,R,0.0,U,0.0,0.0,0.0,0.0,0.0,0.0,1.0
52.0,0.0,0.0,1,0.0,P,48000.0,O,28928.0,34464.0,800.0,0.0,0.0,0.0,0.0
58.0,2.0,0.0,1,9425.0,P,29934.0,O,28928.0,54464.0,968.0,484.0,684.0,0.0,0.0
37.0,0.0,0.0,1,0.0,E,51000.0,O,54464.0,48000.0,584.0,0.0,400.0,0.0,0.0
67.0,0.0,0.0,1,0.0,T,0.0,N,0.0,0.0,0.0,0.0,0.0,0.0,0.0
39.0,3.0,0.0,1,0.0,V,43500.0,O,28928.0,8000.0,400.0,240.0,0.0,0.0,1.0
26.0,0.0,0.0,1,2700.0,R,60150.0,O,48928.0,4.0,0.0,0.0,0.0,0.0,0.0
57.0,0.0,0.0,1,0.0,P,52353.0,P,0.0,0.0,0.0,0.0,0.0,0.0,0.0
68.0,0.0,0.0,0,0.0,P,13416.0,P,0.0,0.0,0.0,0.0,0.0,0.0,1.0
60.0,0.0,0.0,0,0.0,P,42825.0,F,0.0,0.0,800.0,0.0,0.0,0.0,0.0
49.0,1.0,1.0,1,0.0,W,0.0,U,0.0,0.0,0.0,0.0,0.0,0.0,0.0
56.0,0.0,0.0,1,0.0,E,9464.0,O,36928.0,14464.0,640.0,0.0,0.0,800.0,0.0
46.0,1.0,0.0,1,0.0,P,18928.0,O,44640.0,50464.0,800.0,0.0,0.0,1000.0,0.0
66.0,0.0,0.0,1,0.0,T,0.0,P,0.0,0.0,0.0,0.0,0.0,0.0,1.0
68.0,0.0,0.0,1,0.0,T,0.0,P,0.0,0.0,0.0,0.0,0.0,40.0,0.0
39.0,0.0,0.0,1,15900.0,V,16500.0,O,23392.0,48000.0,624.0,880.0,0.0,0.0,1.0
29.0,0.0,0.0,1,1700.0,E,30000.0,O,54464.0,56000.0,432.0,0.0,0.0,0.0,0.0
69.0,0.0,0.0,1,0.0,T,0.0,P,0.0,0.0,0.0,0.0,0.0,0.0,1.0
49.0,2.0,0.0,1,5000.0,P,43500.0,O,30464.0,40000.0,300.0,0.0,0.0,220.0,0.0
43.0,0.0,0.0,0,0.0,E,0.0,O,0.0,0.0,0.0,0.0,0.0,0.0,0.0
51.0,3.0,0.0,0,0.0,P,25641.0,N,0.0,0.0,88.0,0.0,0.0,0.0,1.0
22.0,0.0,0.0,1,0.0,R,17100.0,O,0.0,0.0,0.0,0.0,0.0,0.0,1.0
41.0,0.0,2.0,1,0.0,V,33000.0,O,0.0,0.0,0.0,0.0,0.0,0.0,1.0
61.0,1.0,0.0,1,6500.0,V,37200.0,O,37856.0,56928.0,1760.0,512.0,0.0,0.0,0.0
50.0,2.0,0.0,1,2000.0,V,48000.0,O,43392.0,28928.0,1400.0,800.0,0.0,120.0,1.0
66.0,0.0,0.0,1,0.0,P,13260.0,P,0.0,0.0,240.0,0.0,0.0,120.0,0.0
59.0,3.0,0.0,1,0.0,P,24000.0,U,0.0,0.0,0.0,0.0,0.0,0.0,1.0
52.0,0.0,0.0,1,0.0,V,42300.0,O,57856.0,54464.0,872.0,512.0,0.0,0.0,0.0
52.0,2.0,0.0,1,0.0,P,51690.0,O,34464.0,43600.0,296.0,1480.0,0.0,60.0,0.0
39.0,1.0,0.0,1,50000.0,W,24464.0,O,23744.0,16800.0,0.0,0.0,0.0,1200.0,0.0
69.0,0.0,0.0,1,0.0,T,0.0,P,0.0,0.0,400.0,0.0,0.0,0.0,1.0
69.0,0.0,0.0,1,0.0,T,6570.0,P,0.0,0.0,308.0,0.0,0.0,0.0,0.0
60.0,1.0,0.0,1,0.0,P,30900.0,O,50464.0,31164.0,760.0,0.0,0.0,0.0,0.0
58.0,0.0,0.0,1,0.0,P,45000.0,O,37856.0,14464.0,700.0,0.0,0.0,0.0,0.0
62.0,1.0,0.0,1,1479.0,P,23400.0,U,0.0,0.0,452.0,0.0,0.0,0.0,0.0
55.0,0.0,0.0,1,0.0,V,18900.0,O,22464.0,48000.0,440.0,324.0,0.0,0.0,0.0
67.0,0.0,0.0,1,0.0,M,16929.0,P,36928.0,52000.0,0.0,0.0,0.0,0.0,0.0
52.0,1.0,0.0,1,0.0,P,9464.0,O,43392.0,28928.0,1600.0,0.0,0.0,0.0,0.0
58.0,2.0,0.0,1,0.0,E,18000.0,P,0.0,0.0,0.0,0.0,0.0,0.0,1.0
30.0,0.0,0.0,1,4670.0,P,27000.0,O,0.0,0.0,0.0,0.0,368.0,0.0,0.0
69.0,0.0,0.0,1,0.0,T,0.0,P,0.0,0.0,0.0,0.0,0.0,0.0,0.0
55.0,0.0,0.0,1,10800.0,V,14832.0,O,46464.0,14464.0,648.0,156.0,360.0,0.0,0.0
57.0,0.0,0.0,1,0.0,P,18928.0,O,15712.0,23392.0,1680.0,0.0,0.0,120.0,0.0
46.0,0.0,0.0,1,0.0,P,30000.0,O,23392.0,60000.0,720.0,0.0,0.0,0.0,1.0
60.0,0.0,0.0,1,0.0,P,27000.0,P,0.0,0.0,0.0,0.0,0.0,0.0,0.0
56.0,0.0,0.0,1,0.0,P,0.0,U,0.0,0.0,480.0,560.0,0.0,0.0,0.0
63.0,0.0,0.0,1,0.0,V,19425.0,F,0.0,0.0,280.0,0.0,0.0,0.0,0.0
69.0,0.0,0.0,0,0.0,T,0.0,F,0.0,0.0,520.0,0.0,0.0,0.0,1.0
20.0,0.0,0.0,1,0.0,P,18978.0,U,0.0,0.0,120.0,108.0,0.0,200.0,0.0
57.0,2.0,0.0,1,0.0,P,16848.0,P,0.0,0.0,400.0,0.0,0.0,0.0,0.0
67.0,0.0,0.0,1,0.0,T,6300.0,P,0.0,0.0,0.0,0.0,0.0,0.0,0.0
67.0,0.0,0.0,0,0.0,M,24000.0,N,0.0,0.0,0.0,332.0,0.0,0.0,0.0
26.0,1.0,0.0,1,0.0,R,30000.0,O,8928.0,0.0,0.0,0.0,0.0,0.0,0.0
64.0,0.0,0.0,1,0.0,V,22500.0,P,0.0,0.0,200.0,0.0,0.0,0.0,0.0
67.0,0.0,0.0,1,0.0,P,19500.0,P,0.0,0.0,0.0,0.0,384.0,0.0,0.0
53.0,0.0,0.0,1,0.0,E,17400.0,F,0.0,0.0,320.0,0.0,0.0,0.0,0.0
65.0,0.0,0.0,1,0.0,T,6309.0,F,0.0,0.0,400.0,0.0,0.0,0.0,0.0
68.0,1.0,0.0,1,0.0,T,0.0,P,0.0,0.0,164.0,0.0,0.0,0.0,0.0
67.0,0.0,0.0,1,0.0,P,14892.0,P,0.0,0.0,0.0,0.0,0.0,0.0,1.0
57.0,0.0,0.0,1,0.0,P,30000.0,O,30464.0,18464.0,632.0,120.0,0.0,0.0,0.0
59.0,0.0,0.0,1,0.0,V,35400.0,O,26464.0,60000.0,520.0,468.0,0.0,0.0,0.0
46.0,4.0,0.0,1,5600.0,P,42000.0,O,28928.0,56000.0,440.0,0.0,0.0,0.0,0.0
30.0,2.0,0.0,1,0.0,R,9464.0,O,13568.0,61248.0,0.0,5200.0,0.0,0.0,0.0
49.0,2.0,0.0,1,0.0,W,0.0,O,6784.0,20000.0,0.0,164.0,0.0,0.0,0.0
69.0,0.0,0.0,1,0.0,T,0.0,P,0.0,0.0,340.0,0.0,0.0,0.0,1.0
69.0,0.0,0.0,1,0.0,T,0.0,P,0.0,0.0,720.0,0.0,0.0,0.0,1.0
34.0,1.0,0.0,1,36000.0,W,0.0,O,48320.0,28928.0,1600.0,0.0,0.0,80.0,0.0
58.0,0.0,0.0,1,0.0,P,10500.0,O,42464.0,6464.0,672.0,40.0,0.0,0.0,0.0
53.0,3.0,0.0,1,0.0,V,28206.0,O,36928.0,34464.0,780.0,0.0,0.0,0.0,0.0
52.0,2.0,0.0,1,0.0,P,33000.0,U,0.0,0.0,476.0,240.0,0.0,0.0,1.0
49.0,3.0,0.0,1,2400.0,P,21600.0,U,0.0,0.0,448.0,0.0,0.0,0.0,0.0
68.0,0.0,0.0,1,0.0,T,0.0,P,0.0,0.0,280.0,0.0,0.0,0.0,1.0
53.0,0.0,0.0,0,0.0,P,45000.0,N,0.0,0.0,0.0,0.0,0.0,0.0,0.0
13.0,0.0,2.0,1,5200.0,R,33000.0,O,54464.0,4.0,0.0,0.0,0.0,80.0,1.0
50.0,2.0,0.0,1,34000.0,V,54000.0,O,64640.0,23392.0,1800.0,800.0,0.0,2800.0,0.0
68.0,0.0,0.0,0,0.0,B,17247.0,U,0.0,0.0,332.0,224.0,0.0,0.0,0.0
55.0,0.0,0.0,0,0.0,P,12168.0,P,0.0,0.0,0.0,0.0,0.0,68.0,1.0
69.0,0.0,0.0,1,0.0,T,0.0,P,0.0,0.0,0.0,0.0,0.0,0.0,1.0
52.0,1.0,0.0,1,0.0,P,0.0,N,0.0,0.0,0.0,0.0,0.0,0.0,1.0
41.0,0.0,0.0,1,0.0,E,42000.0,O,16960.0,3392.0,0.0,0.0,0.0,0.0,0.0
55.0,0.0,0.0,1,0.0,E,21000.0,O,6464.0,50800.0,340.0,0.0,0.0,0.0,0.0
40.0,0.0,0.0,1,10000.0,V,30000.0,O,60928.0,56000.0,412.0,0.0,0.0,400.0,0.0
65.0,0.0,0.0,1,10000.0,V,19500.0,O,34464.0,20464.0,640.0,0.0,640.0,180.0,0.0
19.0,0.0,0.0,1,0.0,R,0.0,U,0.0,0.0,0.0,0.0,0.0,0.0,1.0
66.0,0.0,0.0,1,0.0,T,5400.0,P,0.0,0.0,0.0,0.0,0.0,32.0,1.0
58.0,0.0,0.0,1,0.0,T,0.0,F,0.0,0.0,1200.0,0.0,0.0,0.0,1.0
67.0,0.0,0.0,1,0.0,T,5745.0,P,0.0,0.0,0.0,0.0,0.0,0.0,0.0
59.0,0.0,0.0,1,0.0,E,48000.0,O,46464.0,14464.0,760.0,0.0,0.0,0.0,0.0
26.0,0.0,0.0,1,0.0,R,13014.0,O,18464.0,3000.0,100.0,0.0,0.0,0.0,0.0
50.0,2.0,0.0,1,2500.0,P,42000.0,O,36928.0,34464.0,880.0,208.0,0.0,28.0,0.0
65.0,0.0,0.0,1,4283.0,V,16092.0,U,0.0,0.0,416.0,0.0,40.0,0.0,0.0
56.0,1.0,0.0,1,0.0,B,52500.0,O,28928.0,26464.0,1120.0,0.0,0.0,0.0,0.0
66.0,0.0,0.0,1,0.0,P,15000.0,F,48928.0,0.0,0.0,0.0,0.0,0.0,0.0
68.0,0.0,0.0,1,0.0,T,0.0,P,0.0,0.0,340.0,0.0,0.0,0.0,0.0
53.0,4.0,1.0,1,2080.0,E,18000.0,U,0.0,0.0,320.0,0.0,0.0,0.0,0.0
44.0,2.0,0.0,1,5000.0,M,60000.0,O,27392.0,46464.0,1400.0,0.0,0.0,0.0,1.0
51.0,2.0,0.0,1,0.0,P,0.0,O,0.0,0.0,0.0,0.0,0.0,0.0,1.0
61.0,2.0,0.0,1,0.0,W,0.0,O,0.0,0.0,0.0,0.0,0.0,0.0,1.0
40.0,0.0,0.0,0,0.0,U,0.0,O,28928.0,4.0,0.0,0.0,0.0,0.0,0.0
59.0,0.0,0.0,1,0.0,T,0.0,P,0.0,0.0,0.0,0.0,0.0,0.0,1.0
64.0,0.0,0.0,1,0.0,T,0.0,P,0.0,0.0,0.0,0.0,0.0,0.0,0.0
10.0,2.0,0.0,1,0.0,R,0.0,U,0.0,0.0,0.0,0.0,0.0,0.0,1.0
64.0,0.0,0.0,1,0.0,P,28500.0,P,0.0,0.0,400.0,0.0,0.0,0.0,0.0
26.0,0.0,0.0,1,2640.0,R,14400.0,O,0.0,0.0,0.0,0.0,0.0,0.0,1.0
63.0,0.0,0.0,1,0.0,P,12366.0,P,20928.0,16000.0,160.0,0.0,0.0,0.0,0.0
52.0,4.0,0.0,1,0.0,P,24464.0,O,17856.0,7392.0,2076.0,500.0,0.0,0.0,1.0
69.0,0.0,0.0,0,0.0,P,10140.0,P,0.0,0.0,160.0,0.0,0.0,0.0,0.0
65.0,0.0,0.0,1,0.0,P,17250.0,F,0.0,0.0,400.0,0.0,0.0,0.0,0.0
66.0,0.0,0.0,0,0.0,P,16200.0,O,64000.0,63000.0,424.0,0.0,88.0,0.0,1.0
59.0,0.0,0.0,1,0.0,E,30000.0,P,0.0,0.0,120.0,0.0,0.0,0.0,0.0
59.0,0.0,0.0,1,16000.0,P,27000.0,O,23392.0,8928.0,0.0,0.0,0.0,80.0,0.0
66.0,0.0,0.0,1,0.0,V,18927.0,P,0.0,0.0,0.0,0.0,0.0,20.0,0.0
30.0,0.0,0.0,1,2000.0,B,24000.0,O,9264.0,44000.0,300.0,540.0,0.0,0.0,1.0
63.0,2.0,1.0,1,0.0,M,0.0,U,0.0,0.0,520.0,0.0,0.0,80.0,1.0
65.0,0.0,0.0,1,0.0,T,0.0,P,0.0,0.0,0.0,0.0,0.0,0.0,0.0
52.0,3.0,0.0,1,0.0,P,42000.0,O,8928.0,62464.0,912.0,0.0,0.0,0.0,0.0
64.0,0.0,0.0,1,0.0,V,21900.0,P,0.0,0.0,0.0,0.0,0.0,120.0,1.0
66.0,0.0,0.0,1,0.0,P,22005.0,F,0.0,0.0,360.0,280.0,0.0,0.0,0.0
60.0,0.0,0.0,1,0.0,T,13860.0,F,0.0,0.0,600.0,0.0,0.0,0.0,0.0
67.0,0.0,0.0,1,0.0,P,16500.0,P,0.0,0.0,0.0,0.0,0.0,0.0,0.0
63.0,0.0,0.0,0,0.0,P,18000.0,F,0.0,0.0,280.0,0.0,64.0,0.0,1.0
64.0,0.0,0.0,1,0.0,T,0.0,F,0.0,0.0,400.0,0.0,0.0,0.0,0.0
68.0,0.0,0.0,1,0.0,T,9000.0,P,0.0,0.0,0.0,0.0,0.0,0.0,0.0
68.0,0.0,0.0,1,0.0,P,17100.0,P,0.0,0.0,480.0,0.0,160.0,0.0,0.0
57.0,2.0,0.0,1,0.0,P,27000.0,O,34464.0,0.0,496.0,364.0,0.0,0.0,0.0
69.0,0.0,0.0,1,0.0,T,10500.0,P,0.0,0.0,0.0,0.0,0.0,0.0,0.0
54.0,2.0,1.0,1,0.0,P,31200.0,U,0.0,0.0,320.0,0.0,0.0,0.0,0.0
55.0,0.0,0.0,1,0.0,B,27000.0,O,34464.0,0.0,0.0,0.0,0.0,0.0,1.0
68.0,0.0,0.0,1,0.0,P,0.0,P,0.0,0.0,0.0,0.0,0.0,0.0,0.0
59.0,0.0,0.0,1,0.0,E,18928.0,O,15792.0,0.0,0.0,0.0,0.0,0.0,0.0
29.0,0.0,0.0,1,0.0,V,15600.0,O,26464.0,4.0,0.0,0.0,0.0,0.0,1.0
58.0,0.0,0.0,1,0.0,E,30000.0,P,0.0,0.0,0.0,0.0,0.0,0.0,0.0
54.0,0.0,0.0,1,0.0,P,21687.0,O,28928.0,4928.0,980.0,0.0,0.0,200.0,0.0
47.0,3.0,0.0,0,16000.0,V,7200.0,O,31392.0,52928.0,1720.0,680.0,48.0,0.0,1.0
66.0,0.0,0.0,1,0.0,T,4350.0,F,0.0,0.0,0.0,0.0,0.0,0.0,1.0
11.0,0.0,0.0,1,0.0,Z,0.0,N,0.0,0.0,0.0,0.0,0.0,0.0,1.0
62.0,1.0,0.0,1,536.0,V,40434.0,O,16928.0,4928.0,980.0,0.0,0.0,0.0,0.0
66.0,0.0,0.0,1,0.0,T,5745.0,P,0.0,0.0,320.0,0.0,0.0,0.0,0.0
46.0,4.0,0.0,1,0.0,E,30000.0,O,0.0,0.0,0.0,0.0,0.0,0.0,0.0
56.0,2.0,1.0,1,0.0,V,37500.0,U,0.0,0.0,256.0,300.0,0.0,0.0,1.0
55.0,0.0,0.0,1,5799.0,V,26145.0,O,46464.0,10464.0,536.0,1080.0,0.0,0.0,1.0
65.0,0.0,0.0,1,0.0,T,8580.0,F,0.0,0.0,560.0,0.0,0.0,0.0,0.0
35.0,0.0,0.0,1,0.0,P,13500.0,U,0.0,0.0,0.0,0.0,0.0,0.0,0.0
69.0,0.0,0.0,1,0.0,T,0.0,P,0.0,0.0,0.0,0.0,0.0,0.0,1.0
69.0,0.0,0.0,1,0.0,T,7500.0,P,0.0,0.0,480.0,0.0,0.0,0.0,1.0
65.0,0.0,0.0,1,0.0,P,18750.0,F,0.0,0.0,0.0,0.0,0.0,0.0,0.0
67.0,0.0,0.0,0,0.0,T,0.0,F,0.0,0.0,1200.0,0.0,0.0,0.0,0.0
65.0,0.0,0.0,0,0.0,T,0.0,N,0.0,0.0,0.0,0.0,0.0,0.0,1.0
65.0,0.0,0.0,1,0.0,P,22257.0,P,0.0,0.0,200.0,0.0,0.0,0.0,0.0
44.0,2.0,0.0,1,0.0,P,45000.0,O,0.0,0.0,1000.0,0.0,0.0,0.0,0.0
63.0,0.0,0.0,0,0.0,V,21156.0,F,0.0,0.0,280.0,0.0,0.0,0.0,0.0
57.0,0.0,0.0,0,0.0,P,21000.0,O,48928.0,46464.0,700.0,0.0,0.0,0.0,0.0
19.0,0.0,0.0,1,0.0,R,0.0,U,0.0,0.0,360.0,0.0,0.0,0.0,1.0
45.0,2.0,0.0,1,0.0,P,39464.0,O,21248.0,928.0,1360.0,336.0,0.0,0.0,0.0
59.0,0.0,0.0,1,0.0,P,28500.0,P,0.0,0.0,0.0,0.0,0.0,0.0,0.0
18.0,0.0,0.0,1,0.0,R,9630.0,U,0.0,0.0,432.0,0.0,0.0,0.0,0.0
27.0,0.0,0.0,1,0.0,E,3464.0,O,21248.0,24000.0,640.0,0.0,0.0,0.0,0.0
68.0,0.0,0.0,1,0.0,T,6000.0,F,0.0,0.0,416.0,0.0,0.0,0.0,0.0
68.0,0.0,0.0,1,0.0,T,0.0,F,0.0,0.0,0.0,0.0,0.0,0.0,0.0
69.0,0.0,0.0,1,0.0,T,0.0,F,0.0,0.0,520.0,0.0,0.0,0.0,1.0
53.0,2.0,0.0,1,5000.0,E,22500.0,U,0.0,0.0,400.0,392.0,80.0,120.0,0.0
67.0,0.0,0.0,1,0.0,P,10500.0,P,0.0,0.0,0.0,0.0,0.0,0.0,0.0
66.0,0.0,0.0,0,0.0,T,0.0,P,0.0,0.0,0.0,0.0,0.0,0.0,0.0
68.0,0.0,0.0,0,0.0,T,0.0,N,0.0,0.0,0.0,0.0,0.0,0.0,0.0
51.0,0.0,0.0,1,0.0,P,57000.0,O,64928.0,2464.0,504.0,0.0,0.0,0.0,0.0
68.0,0.0,0.0,1,0.0,T,0.0,P,0.0,0.0,0.0,0.0,0.0,0.0,1.0
69.0,0.0,0.0,1,0.0,T,0.0,F,0.0,0.0,448.0,0.0,0.0,0.0,1.0
66.0,0.0,0.0,1,0.0,P,27000.0,U,0.0,0.0,700.0,0.0,0.0,1100.0,0.0
58.0,0.0,0.0,1,0.0,V,22620.0,P,0.0,0.0,320.0,316.0,84.0,0.0,0.0
50.0,0.0,0.0,1,0.0,V,47400.0,O,3392.0,3392.0,1400.0,0.0,0.0,0.0,0.0
61.0,0.0,0.0,1,15000.0,P,13500.0,U,0.0,0.0,0.0,0.0,0.0,0.0,0.0
66.0,0.0,0.0,0,0.0,T,882.0,F,0.0,0.0,0.0,0.0,0.0,0.0,0.0
33.0,0.0,0.0,1,5162.0,P,32796.0,U,0.0,0.0,444.0,76.0,412.0,0.0,0.0
47.0,2.0,0.0,1,0.0,E,25200.0,O,52464.0,38464.0,824.0,0.0,160.0,0.0,0.0
99.0,0.0,0.0,0,0.0,Z,0.0,N,0.0,0.0,0.0,0.0,0.0,0.0,0.0
7.0,0.0,0.0,1,0.0,R,12000.0,N,0.0,0.0,0.0,0.0,0.0,0.0,1.0
50.0,2.0,0.0,0,0.0,V,12000.0,F,0.0,0.0,1000.0,0.0,0.0,0.0,1.0
68.0,0.0,0.0,1,0.0,T,6426.0,F,0.0,0.0,360.0,0.0,0.0,0.0,1.0
56.0,3.0,0.0,1,0.0,P,33000.0,U,0.0,0.0,520.0,0.0,28.0,0.0,1.0
8.0,0.0,0.0,1,0.0,R,0.0,N,0.0,0.0,0.0,0.0,0.0,0.0,1.0
44.0,2.0,0.0,1,1250.0,P,51000.0,O,28928.0,20000.0,324.0,0.0,200.0,0.0,0.0
65.0,0.0,0.0,1,0.0,P,25500.0,P,0.0,0.0,0.0,0.0,0.0,0.0,0.0
69.0,0.0,0.0,1,0.0,T,5916.0,N,0.0,0.0,0.0,0.0,0.0,0.0,1.0
67.0,1.0,0.0,0,0.0,P,21750.0,U,0.0,0.0,448.0,0.0,80.0,0.0,0.0
67.0,0.0,0.0,1,0.0,T,5100.0,P,0.0,0.0,0.0,0.0,0.0,0.0,0.0
62.0,0.0,0.0,0,0.0,T,6000.0,F,0.0,0.0,0.0,0.0,0.0,0.0,0.0
43.0,2.0,0.0,1,0.0,V,21942.0,O,0.0,0.0,0.0,0.0,0.0,0.0,0.0
37.0,1.0,0.0,1,7000.0,P,44100.0,O,43392.0,2464.0,600.0,0.0,0.0,40.0,0.0
60.0,3.0,0.0,0,0.0,T,13365.0,P,0.0,0.0,144.0,0.0,0.0,0.0,0.0
63.0,0.0,0.0,1,0.0,P,36600.0,P,0.0,0.0,0.0,0.0,360.0,200.0,0.0
22.0,0.0,0.0,1,0.0,R,0.0,O,37856.0,4.0,0.0,0.0,0.0,0.0,1.0
19.0,0.0,0.0,1,0.0,R,7044.0,F,0.0,0.0,0.0,0.0,0.0,0.0,1.0
32.0,0.0,1.0,1,5000.0,P,33000.0,O,20928.0,42464.0,784.0,228.0,0.0,0.0,1.0
61.0,0.0,0.0,1,0.0,P,27810.0,O,64000.0,60800.0,500.0,0.0,0.0,0.0,1.0
26.0,0.0,0.0,0,0.0,R,0.0,N,0.0,0.0,0.0,0.0,0.0,0.0,1.0
39.0,4.0,1.0,1,0.0,B,44529.0,O,39392.0,14464.0,800.0,84.0,0.0,600.0,0.0
46.0,1.0,0.0,1,0.0,V,45000.0,O,21248.0,24000.0,0.0,0.0,0.0,180.0,1.0
64.0,0.0,0.0,1,11200.0,V,19800.0,O,38464.0,6464.0,0.0,0.0,0.0,400.0,0.0
35.0,0.0,0.0,1,5200.0,P,26487.0,O,16928.0,25352.0,244.0,280.0,0.0,0.0,0.0
62.0,0.0,0.0,1,0.0,P,0.0,U,0.0,0.0,0.0,188.0,176.0,0.0,0.0
65.0,0.0,0.0,1,0.0,P,16611.0,F,0.0,0.0,308.0,0.0,0.0,0.0,0.0
57.0,0.0,0.0,1,0.0,P,24000.0,O,34464.0,0.0,0.0,0.0,0.0,0.0,0.0
55.0,2.0,0.0,1,3000.0,E,45000.0,O,50176.0,54464.0,864.0,0.0,0.0,1200.0,0.0
32.0,0.0,0.0,1,0.0,R,22500.0,O,54784.0,0.0,0.0,0.0,0.0,0.0,0.0
7.0,0.0,0.0,1,0.0,R,0.0,O,0.0,0.0,0.0,0.0,0.0,0.0,1.0
66.0,0.0,0.0,1,0.0,P,26100.0,F,0.0,0.0,640.0,0.0,0.0,120.0,0.0
62.0,0.0,0.0,1,0.0,P,60000.0,F,0.0,0.0,800.0,0.0,0.0,0.0,0.0
49.0,2.0,0.0,1,0.0,E,36000.0,O,26464.0,60000.0,500.0,0.0,428.0,0.0,1.0
18.0,0.0,0.0,1,14000.0,R,0.0,O,28928.0,4.0,0.0,0.0,0.0,0.0,1.0
57.0,0.0,0.0,1,0.0,E,24000.0,O,0.0,0.0,0.0,0.0,0.0,0.0,1.0
53.0,0.0,0.0,1,18000.0,P,24000.0,O,48928.0,28928.0,1464.0,336.0,64.0,0.0,1.0
68.0,0.0,0.0,1,0.0,T,0.0,U,0.0,0.0,320.0,0.0,0.0,0.0,0.0
59.0,1.0,0.0,1,4160.0,P,11700.0,O,60000.0,15600.0,0.0,0.0,0.0,0.0,1.0
52.0,2.0,0.0,1,7500.0,W,0.0,O,3392.0,14464.0,980.0,0.0,0.0,0.0,1.0
63.0,0.0,0.0,1,0.0,M,30000.0,N,0.0,0.0,0.0,264.0,0.0,0.0,1.0
51.0,2.0,0.0,1,7500.0,P,16590.0,O,14464.0,0.0,448.0,0.0,144.0,0.0,1.0
25.0,0.0,0.0,1,0.0,P,36000.0,O,28928.0,4.0,0.0,0.0,0.0,0.0,1.0
55.0,2.0,0.0,1,0.0,V,58500.0,O,22464.0,40000.0,320.0,720.0,0.0,0.0,0.0
47.0,2.0,0.0,1,12000.0,W,0.0,O,44928.0,44928.0,520.0,0.0,0.0,0.0,0.0
69.0,0.0,0.0,1,0.0,T,4326.0,P,0.0,0.0,0.0,0.0,0.0,0.0,0.0
55.0,2.0,0.0,1,0.0,V,9000.0,O,18464.0,46000.0,300.0,0.0,0.0,0.0,0.0
37.0,2.0,0.0,1,6000.0,V,39666.0,O,37856.0,4928.0,1284.0,636.0,0.0,0.0,0.0
57.0,0.0,0.0,1,0.0,P,42000.0,O,62464.0,18464.0,1040.0,320.0,160.0,0.0,1.0
27.0,0.0,0.0,1,0.0,R,12000.0,O,32320.0,4.0,0.0,0.0,0.0,0.0,1.0
33.0,0.0,0.0,1,0.0,P,43500.0,O,28928.0,4.0,0.0,416.0,0.0,0.0,0.0
26.0,0.0,0.0,1,0.0,W,0.0,U,0.0,0.0,368.0,0.0,0.0,0.0,1.0
68.0,0.0,0.0,1,0.0,T,5859.0,N,0.0,0.0,0.0,0.0,0.0,0.0,1.0
69.0,0.0,0.0,1,0.0,T,0.0,P,0.0,0.0,0.0,0.0,0.0,0.0,0.0
69.0,0.0,0.0,0,0.0,T,0.0,F,0.0,0.0,448.0,0.0,0.0,0.0,1.0
69.0,0.0,0.0,1,0.0,T,0.0,P,0.0,0.0,0.0,0.0,0.0,0.0,0.0
66.0,1.0,0.0,1,0.0,P,0.0,F,0.0,0.0,0.0,0.0,0.0,0.0,0.0
65.0,0.0,0.0,1,0.0,V,9495.0,N,0.0,0.0,0.0,0.0,0.0,0.0,0.0
36.0,2.0,0.0,1,0.0,P,60000.0,O,20928.0,54464.0,1520.0,0.0,0.0,0.0,0.0
64.0,0.0,0.0,1,0.0,P,17820.0,P,0.0,0.0,0.0,0.0,0.0,0.0,0.0
65.0,0.0,0.0,1,0.0,U,0.0,P,0.0,0.0,0.0,0.0,0.0,0.0,0.0
38.0,0.0,0.0,1,0.0,P,24000.0,N,14464.0,4.0,0.0,608.0,0.0,0.0,1.0
49.0,2.0,0.0,1,0.0,P,7200.0,O,28928.0,64000.0,440.0,0.0,0.0,0.0,1.0
58.0,0.0,0.0,1,0.0,P,42000.0,O,36464.0,30464.0,712.0,280.0,120.0,0.0,0.0
61.0,0.0,0.0,1,0.0,V,28254.0,P,0.0,0.0,0.0,528.0,0.0,0.0,1.0
56.0,0.0,0.0,1,2444.0,E,36000.0,O,36928.0,8928.0,1040.0,472.0,0.0,0.0,0.0
47.0,0.0,0.0,1,0.0,B,16662.0,P,0.0,0.0,0.0,0.0,0.0,0.0,1.0
67.0,0.0,0.0,1,0.0,T,4500.0,F,0.0,0.0,0.0,0.0,0.0,0.0,1.0
56.0,0.0,0.0,1,0.0,E,54000.0,U,0.0,0.0,320.0,0.0,0.0,0.0,0.0
69.0,0.0,0.0,0,0.0,T,0.0,P,0.0,0.0,0.0,0.0,0.0,0.0,1.0
62.0,0.0,0.0,1,0.0,V,17565.0,P,0.0,0.0,0.0,0.0,0.0,0.0,1.0
57.0,1.0,0.0,0,3640.0,P,29736.0,O,38464.0,38464.0,0.0,120.0,640.0,0.0,0.0
50.0,4.0,0.0,1,0.0,T,21000.0,F,0.0,0.0,480.0,0.0,0.0,0.0,0.0
47.0,2.0,0.0,1,0.0,V,36000.0,O,28928.0,0.0,0.0,756.0,0.0,80.0,0.0
49.0,2.0,0.0,1,9620.0,P,4680.0,F,0.0,0.0,0.0,0.0,0.0,0.0,1.0
56.0,0.0,0.0,0,0.0,V,21750.0,O,60000.0,44000.0,440.0,0.0,0.0,120.0,0.0
20.0,0.0,0.0,1,0.0,R,0.0,U,0.0,0.0,72.0,0.0,0.0,0.0,0.0
49.0,4.0,0.0,1,0.0,P,4896.0,O,28928.0,14464.0,0.0,0.0,0.0,0.0,0.0
61.0,1.0,0.0,1,0.0,V,20358.0,O,26464.0,64000.0,656.0,0.0,0.0,0.0,0.0
69.0,0.0,0.0,1,0.0,T,5745.0,P,0.0,0.0,340.0,0.0,0.0,0.0,1.0
43.0,2.0,0.0,1,0.0,P,24464.0,O,43392.0,14928.0,1120.0,760.0,0.0,200.0,0.0
11.0,0.0,0.0,0,0.0,R,13500.0,O,0.0,0.0,0.0,0.0,0.0,0.0,0.0
63.0,0.0,0.0,1,6000.0,P,25500.0,U,0.0,0.0,280.0,508.0,0.0,0.0,0.0
45.0,2.0,0.0,1,0.0,V,38403.0,O,48928.0,20000.0,200.0,0.0,0.0,0.0,0.0
69.0,0.0,0.0,1,0.0,T,5859.0,P,0.0,0.0,100.0,0.0,0.0,0.0,1.0
66.0,0.0,0.0,0,0.0,T,0.0,F,0.0,0.0,480.0,0.0,0.0,0.0,0.0
61.0,0.0,0.0,1,0.0,P,30000.0,F,0.0,0.0,0.0,0.0,400.0,0.0,0.0
44.0,2.0,0.0,1,12800.0,P,44400.0,O,32928.0,22464.0,712.0,760.0,0.0,160.0,1.0
68.0,0.0,0.0,1,0.0,P,12000.0,P,0.0,0.0,240.0,0.0,0.0,0.0,1.0
47.0,0.0,0.0,1,0.0,V,27000.0,O,34464.0,56000.0,484.0,0.0,0.0,40.0,1.0
55.0,2.0,0.0,1,0.0,E,30000.0,O,48928.0,4.0,0.0,0.0,256.0,0.0,0.0
33.0,1.0,0.0,1,8056.0,V,50484.0,O,23392.0,4.0,0.0,0.0,0.0,200.0,0.0
44.0,1.0,0.0,1,0.0,E,30000.0,O,53248.0,6464.0,800.0,0.0,0.0,0.0,1.0
46.0,1.0,0.0,0,0.0,P,51000.0,O,43392.0,24000.0,344.0,464.0,0.0,0.0,0.0
33.0,0.0,0.0,1,0.0,W,0.0,O,48928.0,28000.0,200.0,28000.0,0.0,0.0,1.0
69.0,0.0,0.0,0,0.0,T,0.0,P,0.0,0.0,0.0,0.0,0.0,0.0,0.0
36.0,0.0,1.0,1,0.0,P,18928.0,F,0.0,0.0,0.0,1440.0,0.0,1200.0,0.0
7.0,0.0,0.0,1,0.0,R,0.0,O,14464.0,4.0,0.0,0.0,0.0,0.0,0.0
61.0,0.0,0.0,1,0.0,P,12960.0,P,0.0,0.0,0.0,0.0,0.0,0.0,0.0
65.0,0.0,0.0,1,12000.0,T,0.0,O,0.0,0.0,640.0,604.0,0.0,80.0,0.0
58.0,0.0,0.0,1,0.0,P,24000.0,O,28928.0,64000.0,680.0,0.0,0.0,0.0,1.0
58.0,2.0,0.0,1,0.0,P,39000.0,F,0.0,0.0,280.0,0.0,44.0,0.0,0.0
36.0,0.0,0.0,1,0.0,P,15000.0,O,14464.0,32000.0,532.0,0.0,0.0,0.0,0.0
64.0,0.0,0.0,1,0.0,T,0.0,P,0.0,0.0,0.0,0.0,0.0,0.0,0.0
68.0,0.0,0.0,1,0.0,P,17334.0,P,0.0,0.0,0.0,0.0,0.0,0.0,0.0
62.0,1.0,0.0,0,5040.0,M,18000.0,F,0.0,0.0,172.0,288.0,0.0,60.0,0.0
63.0,0.0,0.0,1,14000.0,V,24000.0,O,43928.0,24320.0,1308.0,0.0,0.0,0.0,0.0
55.0,1.0,0.0,1,0.0,P,31980.0,N,0.0,0.0,0.0,0.0,0.0,300.0,0.0
60.0,0.0,0.0,1,0.0,V,22500.0,O,22464.0,22464.0,600.0,0.0,0.0,0.0,1.0
53.0,3.0,0.0,1,0.0,P,42000.0,O,8928.0,34464.0,720.0,360.0,0.0,80.0,0.0
39.0,1.0,0.0,1,24000.0,E,5184.0,O,17856.0,50464.0,1200.0,0.0,0.0,800.0,0.0
49.0,1.0,0.0,1,0.0,P,56100.0,O,32320.0,42464.0,400.0,420.0,0.0,0.0,0.0
59.0,0.0,0.0,1,0.0,P,25620.0,P,0.0,0.0,0.0,0.0,0.0,0.0,0.0
99.0,0.0,0.0,1,0.0,Z,21000.0,N,0.0,0.0,0.0,0.0,0.0,60.0,0.0
21.0,1.0,0.0,1,20000.0,W,0.0,O,32320.0,4.0,0.0,0.0,0.0,0.0,0.0
51.0,5.0,0.0,1,3690.0,P,24255.0,U,0.0,0.0,0.0,0.0,0.0,0.0,0.0
69.0,0.0,0.0,1,0.0,V,0.0,P,0.0,0.0,0.0,0.0,0.0,0.0,1.0
64.0,0.0,0.0,1,0.0,V,20400.0,U,0.0,0.0,192.0,0.0,0.0,0.0,0.0
53.0,2.0,0.0,1,1200.0,P,30000.0,O,54464.0,48000.0,528.0,0.0,0.0,0.0,0.0
51.0,3.0,0.0,1,0.0,V,17640.0,N,0.0,0.0,0.0,0.0,0.0,0.0,0.0
55.0,1.0,0.0,1,1800.0,B,36000.0,O,22464.0,64000.0,640.0,240.0,0.0,0.0,0.0
65.0,0.0,0.0,1,0.0,P,19500.0,P,0.0,0.0,0.0,0.0,0.0,0.0,0.0
47.0,2.0,0.0,1,0.0,P,18900.0,U,0.0,0.0,0.0,0.0,0.0,0.0,0.0
68.0,0.0,0.0,1,0.0,P,12960.0,F,0.0,0.0,480.0,36.0,0.0,0.0,0.0
53.0,2.0,0.0,1,10000.0,V,9900.0,U,0.0,0.0,588.0,0.0,0.0,0.0,0.0
68.0,0.0,0.0,1,0.0,P,10800.0,P,0.0,0.0,200.0,0.0,0.0,0.0,1.0
52.0,2.0,0.0,1,2000.0,V,24000.0,U,0.0,0.0,448.0,0.0,0.0,0.0,0.0
69.0,0.0,0.0,1,0.0,T,0.0,P,0.0,0.0,640.0,0.0,0.0,0.0,0.0
40.0,1.0,0.0,1,10000.0,E,9464.0,O,3392.0,46464.0,1000.0,0.0,0.0,0.0,0.0
41.0,0.0,0.0,1,0.0,P,29400.0,U,0.0,0.0,216.0,100.0,0.0,0.0,0.0
58.0,0.0,0.0,1,0.0,P,22500.0,O,50464.0,38464.0,904.0,0.0,0.0,0.0,1.0
64.0,0.0,0.0,0,0.0,P,22080.0,O,22464.0,12864.0,620.0,220.0,100.0,0.0,0.0
58.0,0.0,0.0,0,0.0,V,7800.0,U,0.0,0.0,360.0,0.0,0.0,0.0,0.0
61.0,0.0,0.0,1,0.0,P,0.0,F,0.0,0.0,0.0,0.0,0.0,0.0,1.0
63.0,0.0,0.0,0,0.0,P,22800.0,O,6464.0,6464.0,584.0,120.0,0.0,0.0,1.0
46.0,3.0,0.0,1,10500.0,V,30000.0,O,8928.0,34464.0,700.0,480.0,0.0,0.0,0.0
57.0,0.0,0.0,1,0.0,P,49500.0,O,25392.0,6928.0,940.0,80.0,200.0,0.0,1.0
68.0,0.0,0.0,1,0.0,P,13482.0,P,0.0,0.0,320.0,0.0,0.0,0.0,0.0
63.0,0.0,0.0,1,0.0,P,25500.0,U,0.0,0.0,320.0,200.0,72.0,0.0,1.0
54.0,0.0,0.0,1,0.0,P,10214.0,O,10176.0,52320.0,3800.0,700.0,0.0,0.0,1.0
59.0,0.0,0.0,1,0.0,T,6000.0,F,0.0,0.0,480.0,0.0,0.0,0.0,1.0
59.0,0.0,0.0,0,0.0,U,0.0,N,0.0,0.0,0.0,0.0,0.0,0.0,1.0
56.0,2.0,0.0,1,0.0,P,37500.0,O,23392.0,26464.0,700.0,0.0,0.0,0.0,0.0
54.0,2.0,0.0,1,3000.0,V,48600.0,O,46464.0,30464.0,624.0,264.0,0.0,0.0,0.0
66.0,0.0,0.0,1,0.0,E,9000.0,P,0.0,0.0,0.0,0.0,0.0,0.0,0.0
67.0,0.0,0.0,1,0.0,V,14625.0,U,0.0,0.0,320.0,0.0,88.0,0.0,0.0
43.0,0.0,0.0,1,10000.0,V,15000.0,O,36464.0,0.0,592.0,464.0,0.0,0.0,1.0
69.0,0.0,0.0,1,0.0,T,0.0,O,20928.0,4.0,0.0,0.0,0.0,200.0,0.0
58.0,1.0,0.0,1,0.0,V,46944.0,O,48464.0,42464.0,720.0,100.0,392.0,0.0,0.0
30.0,0.0,0.0,1,3800.0,V,8100.0,O,22464.0,4.0,0.0,0.0,0.0,0.0,0.0
18.0,0.0,0.0,1,0.0,R,0.0,N,0.0,0.0,0.0,0.0,0.0,0.0,1.0
67.0,0.0,0.0,1,0.0,T,4680.0,F,0.0,0.0,400.0,0.0,0.0,0.0,0.0
69.0,0.0,0.0,0,0.0,T,5700.0,F,0.0,0.0,72.0,0.0,0.0,0.0,0.0
31.0,0.0,0.0,1,0.0,P,0.0,U,0.0,0.0,416.0,0.0,0.0,0.0,0.0
64.0,0.0,0.0,0,0.0,P,26226.0,O,34464.0,0.0,856.0,0.0,0.0,0.0,0.0
55.0,0.0,0.0,1,9000.0,P,10545.0,O,34464.0,0.0,800.0,0.0,0.0,0.0,1.0
52.0,2.0,0.0,1,0.0,P,42000.0,O,52464.0,464.0,0.0,0.0,0.0,0.0,0.0
29.0,2.0,0.0,1,0.0,E,0.0,O,0.0,0.0,0.0,0.0,0.0,0.0,1.0
55.0,0.0,0.0,1,0.0,P,51000.0,P,0.0,0.0,0.0,0.0,544.0,80.0,0.0
50.0,1.0,0.0,1,0.0,P,6000.0,O,58464.0,40000.0,288.0,0.0,0.0,0.0,1.0
45.0,1.0,0.0,1,0.0,P,42000.0,O,61248.0,30464.0,880.0,0.0,0.0,0.0,1.0
23.0,0.0,0.0,1,0.0,R,15000.0,O,32320.0,4.0,0.0,0.0,0.0,0.0,0.0
57.0,0.0,0.0,1,0.0,E,27000.0,U,0.0,0.0,328.0,0.0,0.0,0.0,1.0
66.0,0.0,0.0,1,0.0,T,5715.0,F,0.0,0.0,412.0,0.0,0.0,0.0,0.0
63.0,0.0,0.0,1,0.0,P,18720.0,P,0.0,0.0,80.0,0.0,0.0,0.0,0.0
67.0,1.0,0.0,0,0.0,B,19500.0,U,0.0,0.0,356.0,168.0,144.0,0.0,0.0
55.0,1.0,0.0,1,0.0,P,12000.0,U,0.0,0.0,0.0,0.0,0.0,0.0,1.0
52.0,0.0,0.0,1,10200.0,V,36600.0,O,46464.0,0.0,684.0,240.0,400.0,40.0,0.0
30.0,3.0,0.0,1,0.0,R,0.0,O,10784.0,4.0,0.0,0.0,0.0,100.0,0.0
50.0,4.0,0.0,1,7000.0,B,35400.0,O,4928.0,60000.0,532.0,0.0,248.0,440.0,0.0
59.0,0.0,0.0,1,9500.0,P,15660.0,O,30464.0,46000.0,288.0,0.0,516.0,0.0,0.0
42.0,1.0,0.0,1,0.0,P,30600.0,O,28928.0,54464.0,0.0,0.0,0.0,0.0,1.0
66.0,0.0,0.0,1,0.0,V,19131.0,P,0.0,0.0,0.0,0.0,0.0,0.0,0.0
48.0,3.0,0.0,1,0.0,E,0.0,O,0.0,0.0,0.0,0.0,0.0,0.0,1.0
66.0,0.0,0.0,1,0.0,T,0.0,F,0.0,0.0,440.0,0.0,0.0,0.0,0.0
69.0,0.0,0.0,1,0.0,P,9360.0,P,0.0,0.0,0.0,0.0,0.0,0.0,1.0
39.0,0.0,0.0,1,1440.0,V,25500.0,U,0.0,0.0,108.0,320.0,0.0,0.0,0.0
42.0,3.0,0.0,1,0.0,Z,0.0,N,0.0,0.0,0.0,0.0,0.0,0.0,0.0
58.0,0.0,0.0,1,5000.0,V,31320.0,F,0.0,0.0,500.0,0.0,0.0,0.0,0.0
59.0,1.0,0.0,0,0.0,P,18000.0,U,0.0,0.0,320.0,216.0,0.0,0.0,0.0
54.0,2.0,0.0,0,1800.0,B,27600.0,O,52464.0,47964.0,776.0,0.0,0.0,0.0,1.0
53.0,0.0,0.0,1,0.0,E,18000.0,N,0.0,0.0,0.0,300.0,0.0,0.0,0.0
49.0,2.0,0.0,1,14700.0,P,18210.0,O,28928.0,22464.0,584.0,640.0,0.0,60.0,0.0
69.0,0.0,0.0,1,0.0,T,4296.0,P,0.0,0.0,0.0,0.0,0.0,0.0,0.0
69.0,0.0,0.0,1,0.0,T,12000.0,P,0.0,0.0,0.0,0.0,0.0,0.0,0.0
38.0,0.0,0.0,1,0.0,R,16248.0,U,0.0,0.0,388.0,0.0,0.0,0.0,0.0
28.0,3.0,0.0,1,15000.0,V,30000.0,O,11392.0,40000.0,760.0,0.0,0.0,0.0,1.0
40.0,0.0,0.0,1,4353.0,P,5292.0,N,0.0,0.0,0.0,0.0,0.0,0.0,1.0
57.0,0.0,0.0,1,0.0,P,30000.0,O,34464.0,32464.0,760.0,0.0,280.0,0.0,0.0
57.0,1.0,0.0,1,0.0,P,30000.0,O,64000.0,52000.0,384.0,0.0,0.0,0.0,0.0
56.0,0.0,0.0,1,11000.0,V,36102.0,O,62464.0,0.0,720.0,0.0,0.0,0.0,0.0
64.0,0.0,0.0,1,0.0,P,27000.0,F,0.0,0.0,600.0,0.0,0.0,360.0,0.0
48.0,2.0,0.0,1,0.0,M,39000.0,O,14464.0,0.0,240.0,160.0,0.0,0.0,0.0
99.0,0.0,0.0,0,0.0,R,0.0,N,0.0,0.0,0.0,0.0,0.0,0.0,1.0
44.0,0.0,0.0,1,0.0,P,48000.0,O,48928.0,54464.0,1200.0,308.0,0.0,0.0,0.0
53.0,0.0,0.0,1,0.0,E,928.0,O,43392.0,4.0,0.0,0.0,0.0,0.0,0.0
57.0,1.0,0.0,1,11000.0,V,21741.0,O,928.0,40464.0,0.0,0.0,0.0,100.0,1.0
44.0,1.0,0.0,1,8000.0,W,0.0,U,0.0,0.0,628.0,0.0,0.0,680.0,1.0
39.0,3.0,0.0,1,3000.0,E,42000.0,O,20928.0,54464.0,1200.0,600.0,0.0,0.0,1.0
68.0,0.0,0.0,1,0.0,E,12480.0,U,0.0,0.0,480.0,0.0,0.0,0.0,0.0
45.0,1.0,0.0,0,0.0,P,0.0,O,57856.0,12928.0,0.0,200.0,0.0,0.0,0.0
60.0,0.0,0.0,1,0.0,P,23850.0,O,28928.0,4.0,0.0,500.0,0.0,0.0,1.0
65.0,0.0,0.0,1,0.0,V,27279.0,F,0.0,0.0,740.0,0.0,0.0,160.0,0.0
40.0,0.0,0.0,1,6000.0,V,30000.0,U,0.0,0.0,384.0,0.0,0.0,0.0,0.0
62.0,0.0,0.0,1,0.0,W,0.0,U,0.0,0.0,0.0,0.0,0.0,0.0,1.0
65.0,0.0,0.0,1,0.0,V,15000.0,P,0.0,0.0,0.0,0.0,0.0,0.0,0.0
22.0,2.0,0.0,1,0.0,E,0.0,O,0.0,0.0,0.0,0.0,0.0,0.0,1.0
55.0,2.0,0.0,1,0.0,P,18000.0,O,46464.0,0.0,0.0,684.0,300.0,0.0,1.0
59.0,2.0,0.0,1,0.0,V,17889.0,O,4928.0,50464.0,0.0,0.0,0.0,0.0,1.0
69.0,0.0,0.0,1,0.0,T,0.0,P,0.0,0.0,0.0,0.0,0.0,0.0,0.0
50.0,2.0,0.0,1,11100.0,V,49500.0,O,52192.0,27392.0,1740.0,472.0,0.0,36.0,0.0
69.0,0.0,0.0,1,0.0,P,18000.0,P,0.0,0.0,0.0,472.0,0.0,0.0,0.0
45.0,2.0,0.0,1,30000.0,E,9000.0,N,0.0,0.0,0.0,0.0,0.0,0.0,0.0
41.0,1.0,1.0,1,12400.0,P,52500.0,O,3392.0,24000.0,400.0,1600.0,0.0,0.0,0.0
65.0,0.0,0.0,0,0.0,M,0.0,F,0.0,0.0,0.0,200.0,336.0,104.0,0.0
61.0,0.0,0.0,1,0.0,P,18000.0,F,0.0,0.0,0.0,0.0,0.0,0.0,0.0
57.0,0.0,0.0,1,11700.0,P,52500.0,O,46784.0,7392.0,2048.0,0.0,0.0,160.0,0.0
52.0,0.0,0.0,1,0.0,P,60000.0,O,63392.0,54464.0,1900.0,0.0,0.0,0.0,0.0
61.0,0.0,0.0,1,0.0,P,12480.0,P,0.0,0.0,0.0,0.0,0.0,0.0,1.0
62.0,0.0,0.0,1,0.0,E,24000.0,F,0.0,0.0,400.0,0.0,0.0,0.0,0.0
64.0,0.0,0.0,1,0.0,P,21240.0,P,0.0,0.0,320.0,0.0,0.0,0.0,0.0
58.0,2.0,0.0,1,0.0,P,23400.0,O,20928.0,46464.0,400.0,0.0,68.0,76.0,0.0
48.0,0.0,0.0,0,0.0,P,9000.0,F,0.0,0.0,320.0,28.0,0.0,0.0,0.0
49.0,2.0,0.0,1,0.0,P,24464.0,O,3392.0,34464.0,800.0,0.0,0.0,320.0,0.0
8.0,0.0,0.0,1,0.0,R,0.0,U,0.0,0.0,0.0,0.0,0.0,0.0,1.0
46.0,0.0,0.0,0,0.0,P,51996.0,O,60800.0,38400.0,636.0,0.0,0.0,0.0,1.0
58.0,0.0,0.0,1,0.0,V,21900.0,F,0.0,0.0,600.0,296.0,0.0,0.0,0.0
64.0,1.0,0.0,1,0.0,V,24852.0,O,34464.0,20464.0,528.0,360.0,0.0,0.0,0.0
64.0,0.0,0.0,1,0.0,P,52500.0,P,0.0,0.0,0.0,0.0,0.0,0.0,0.0
20.0,0.0,1.0,1,1000.0,R,60000.0,O,6784.0,40000.0,744.0,0.0,0.0,0.0,1.0
35.0,4.0,0.0,1,8000.0,E,6000.0,O,43392.0,6400.0,0.0,0.0,0.0,600.0,0.0
22.0,0.0,0.0,1,0.0,R,0.0,O,14464.0,4.0,0.0,0.0,0.0,0.0,1.0
61.0,0.0,0.0,1,2500.0,E,15000.0,O,60464.0,22000.0,416.0,880.0,0.0,0.0,0.0
52.0,4.0,1.0,1,0.0,V,37764.0,U,0.0,0.0,0.0,340.0,0.0,0.0,0.0
56.0,3.0,0.0,1,1200.0,P,31500.0,O,6928.0,46464.0,784.0,256.0,0.0,0.0,1.0
60.0,0.0,0.0,1,0.0,E,46800.0,O,11392.0,928.0,1144.0,680.0,0.0,108.0,0.0
20.0,0.0,0.0,1,0.0,R,0.0,N,0.0,0.0,0.0,0.0,0.0,0.0,1.0
66.0,0.0,0.0,1,0.0,T,5538.0,P,0.0,0.0,492.0,0.0,0.0,0.0,0.0
